name,aai,aaj,aak,DNA,i,j,k,s1,s2,epsilon,sigma,t0,alpha,rng
32,3923,3924,3927,B_curved,S,A,A,0,1,3.303059,3.58,100.13,3,6
32,3974,3975,3978,B_curved,S,A,A,0,1,3.303059,3.58,100.13,3,6
32,3977,3978,3981,B_curved,S,A,A,0,1,3.303059,3.58,100.13,3,6
32,3980,3981,3984,B_curved,S,A,A,0,1,3.303059,3.58,100.13,3,6
32,4016,4017,4020,B_curved,S,A,A,0,1,3.303059,3.58,100.13,3,6
32,4019,4020,4023,B_curved,S,A,A,0,1,3.303059,3.58,100.13,3,6
32,4055,4056,4059,B_curved,S,A,A,0,1,3.303059,3.58,100.13,3,6
32,4058,4059,4062,B_curved,S,A,A,0,1,3.303059,3.58,100.13,3,6
32,4061,4062,4065,B_curved,S,A,A,0,1,3.303059,3.58,100.13,3,6
32,4142,4143,4146,B_curved,S,A,A,0,1,3.303059,3.58,100.13,3,6
32,4223,4224,4227,B_curved,S,A,A,0,1,3.303059,3.58,100.13,3,6
32,4226,4227,4230,B_curved,S,A,A,0,1,3.303059,3.58,100.13,3,6
32,4454,4455,4458,B_curved,S,A,A,0,1,3.303059,3.58,100.13,3,6
32,4505,4506,4509,B_curved,S,A,A,0,1,3.303059,3.58,100.13,3,6
32,4508,4509,4512,B_curved,S,A,A,0,1,3.303059,3.58,100.13,3,6
32,4511,4512,4515,B_curved,S,A,A,0,1,3.303059,3.58,100.13,3,6
32,4547,4548,4551,B_curved,S,A,A,0,1,3.303059,3.58,100.13,3,6
32,4550,4551,4554,B_curved,S,A,A,0,1,3.303059,3.58,100.13,3,6
32,4586,4587,4590,B_curved,S,A,A,0,1,3.303059,3.58,100.13,3,6
32,4589,4590,4593,B_curved,S,A,A,0,1,3.303059,3.58,100.13,3,6
32,4592,4593,4596,B_curved,S,A,A,0,1,3.303059,3.58,100.13,3,6
32,4673,4674,4677,B_curved,S,A,A,0,1,3.303059,3.58,100.13,3,6
32,4754,4755,4758,B_curved,S,A,A,0,1,3.303059,3.58,100.13,3,6
32,4757,4758,4761,B_curved,S,A,A,0,1,3.303059,3.58,100.13,3,6
32,4985,4986,4989,B_curved,S,A,A,0,1,3.303059,3.58,100.13,3,6
32,5036,5037,5040,B_curved,S,A,A,0,1,3.303059,3.58,100.13,3,6
32,5039,5040,5043,B_curved,S,A,A,0,1,3.303059,3.58,100.13,3,6
32,5042,5043,5046,B_curved,S,A,A,0,1,3.303059,3.58,100.13,3,6
32,5078,5079,5082,B_curved,S,A,A,0,1,3.303059,3.58,100.13,3,6
32,5081,5082,5085,B_curved,S,A,A,0,1,3.303059,3.58,100.13,3,6
32,5117,5118,5121,B_curved,S,A,A,0,1,3.303059,3.58,100.13,3,6
32,5120,5121,5124,B_curved,S,A,A,0,1,3.303059,3.58,100.13,3,6
32,5123,5124,5127,B_curved,S,A,A,0,1,3.303059,3.58,100.13,3,6
32,5204,5205,5208,B_curved,S,A,A,0,1,3.303059,3.58,100.13,3,6
32,5285,5286,5289,B_curved,S,A,A,0,1,3.303059,3.58,100.13,3,6
32,5288,5289,5292,B_curved,S,A,A,0,1,3.303059,3.58,100.13,3,6
32,5516,5517,5520,B_curved,S,A,A,0,1,3.303059,3.58,100.13,3,6
32,5567,5568,5571,B_curved,S,A,A,0,1,3.303059,3.58,100.13,3,6
32,5570,5571,5574,B_curved,S,A,A,0,1,3.303059,3.58,100.13,3,6
32,5573,5574,5577,B_curved,S,A,A,0,1,3.303059,3.58,100.13,3,6
32,5609,5610,5613,B_curved,S,A,A,0,1,3.303059,3.58,100.13,3,6
32,5612,5613,5616,B_curved,S,A,A,0,1,3.303059,3.58,100.13,3,6
32,5648,5649,5652,B_curved,S,A,A,0,1,3.303059,3.58,100.13,3,6
32,5651,5652,5655,B_curved,S,A,A,0,1,3.303059,3.58,100.13,3,6
32,5654,5655,5658,B_curved,S,A,A,0,1,3.303059,3.58,100.13,3,6
32,5735,5736,5739,B_curved,S,A,A,0,1,3.303059,3.58,100.13,3,6
32,5816,5817,5820,B_curved,S,A,A,0,1,3.303059,3.58,100.13,3,6
32,5819,5820,5823,B_curved,S,A,A,0,1,3.303059,3.58,100.13,3,6
32,5947,5948,5951,B_curved,S,A,A,0,1,3.303059,3.58,100.13,3,6
32,6007,6008,6011,B_curved,S,A,A,0,1,3.303059,3.58,100.13,3,6
32,6010,6011,6014,B_curved,S,A,A,0,1,3.303059,3.58,100.13,3,6
32,6013,6014,6017,B_curved,S,A,A,0,1,3.303059,3.58,100.13,3,6
32,6049,6050,6053,B_curved,S,A,A,0,1,3.303059,3.58,100.13,3,6
32,6052,6053,6056,B_curved,S,A,A,0,1,3.303059,3.58,100.13,3,6
32,6088,6089,6092,B_curved,S,A,A,0,1,3.303059,3.58,100.13,3,6
32,6091,6092,6095,B_curved,S,A,A,0,1,3.303059,3.58,100.13,3,6
32,6094,6095,6098,B_curved,S,A,A,0,1,3.303059,3.58,100.13,3,6
32,6145,6146,6149,B_curved,S,A,A,0,1,3.303059,3.58,100.13,3,6
32,6175,6176,6179,B_curved,S,A,A,0,1,3.303059,3.58,100.13,3,6
32,6256,6257,6260,B_curved,S,A,A,0,1,3.303059,3.58,100.13,3,6
32,6259,6260,6263,B_curved,S,A,A,0,1,3.303059,3.58,100.13,3,6
32,6418,6419,6422,B_curved,S,A,A,0,1,3.303059,3.58,100.13,3,6
32,6478,6479,6482,B_curved,S,A,A,0,1,3.303059,3.58,100.13,3,6
32,6538,6539,6542,B_curved,S,A,A,0,1,3.303059,3.58,100.13,3,6
32,6541,6542,6545,B_curved,S,A,A,0,1,3.303059,3.58,100.13,3,6
32,6544,6545,6548,B_curved,S,A,A,0,1,3.303059,3.58,100.13,3,6
32,6580,6581,6584,B_curved,S,A,A,0,1,3.303059,3.58,100.13,3,6
32,6583,6584,6587,B_curved,S,A,A,0,1,3.303059,3.58,100.13,3,6
32,6619,6620,6623,B_curved,S,A,A,0,1,3.303059,3.58,100.13,3,6
32,6622,6623,6626,B_curved,S,A,A,0,1,3.303059,3.58,100.13,3,6
32,6625,6626,6629,B_curved,S,A,A,0,1,3.303059,3.58,100.13,3,6
32,6676,6677,6680,B_curved,S,A,A,0,1,3.303059,3.58,100.13,3,6
32,6706,6707,6710,B_curved,S,A,A,0,1,3.303059,3.58,100.13,3,6
32,6787,6788,6791,B_curved,S,A,A,0,1,3.303059,3.58,100.13,3,6
32,6790,6791,6794,B_curved,S,A,A,0,1,3.303059,3.58,100.13,3,6
32,6949,6950,6953,B_curved,S,A,A,0,1,3.303059,3.58,100.13,3,6
32,7009,7010,7013,B_curved,S,A,A,0,1,3.303059,3.58,100.13,3,6
32,7069,7070,7073,B_curved,S,A,A,0,1,3.303059,3.58,100.13,3,6
32,7072,7073,7076,B_curved,S,A,A,0,1,3.303059,3.58,100.13,3,6
32,7075,7076,7079,B_curved,S,A,A,0,1,3.303059,3.58,100.13,3,6
32,7111,7112,7115,B_curved,S,A,A,0,1,3.303059,3.58,100.13,3,6
32,7114,7115,7118,B_curved,S,A,A,0,1,3.303059,3.58,100.13,3,6
32,7150,7151,7154,B_curved,S,A,A,0,1,3.303059,3.58,100.13,3,6
32,7153,7154,7157,B_curved,S,A,A,0,1,3.303059,3.58,100.13,3,6
32,7156,7157,7160,B_curved,S,A,A,0,1,3.303059,3.58,100.13,3,6
32,7207,7208,7211,B_curved,S,A,A,0,1,3.303059,3.58,100.13,3,6
32,7237,7238,7241,B_curved,S,A,A,0,1,3.303059,3.58,100.13,3,6
32,7318,7319,7322,B_curved,S,A,A,0,1,3.303059,3.58,100.13,3,6
32,7321,7322,7325,B_curved,S,A,A,0,1,3.303059,3.58,100.13,3,6
32,7480,7481,7484,B_curved,S,A,A,0,1,3.303059,3.58,100.13,3,6
32,7540,7541,7544,B_curved,S,A,A,0,1,3.303059,3.58,100.13,3,6
32,7600,7601,7604,B_curved,S,A,A,0,1,3.303059,3.58,100.13,3,6
32,7603,7604,7607,B_curved,S,A,A,0,1,3.303059,3.58,100.13,3,6
32,7606,7607,7610,B_curved,S,A,A,0,1,3.303059,3.58,100.13,3,6
32,7642,7643,7646,B_curved,S,A,A,0,1,3.303059,3.58,100.13,3,6
32,7645,7646,7649,B_curved,S,A,A,0,1,3.303059,3.58,100.13,3,6
32,7681,7682,7685,B_curved,S,A,A,0,1,3.303059,3.58,100.13,3,6
32,7684,7685,7688,B_curved,S,A,A,0,1,3.303059,3.58,100.13,3,6
32,7687,7688,7691,B_curved,S,A,A,0,1,3.303059,3.58,100.13,3,6
32,7738,7739,7742,B_curved,S,A,A,0,1,3.303059,3.58,100.13,3,6
32,7768,7769,7772,B_curved,S,A,A,0,1,3.303059,3.58,100.13,3,6
32,7849,7850,7853,B_curved,S,A,A,0,1,3.303059,3.58,100.13,3,6
32,7852,7853,7856,B_curved,S,A,A,0,1,3.303059,3.58,100.13,3,6
33,3911,3912,3915,B_curved,S,A,T,0,1,3.597036,3.56,90.48,3,6
33,3950,3951,3954,B_curved,S,A,T,0,1,3.597036,3.56,90.48,3,6
33,3998,3999,4002,B_curved,S,A,T,0,1,3.597036,3.56,90.48,3,6
33,4046,4047,4050,B_curved,S,A,T,0,1,3.597036,3.56,90.48,3,6
33,4076,4077,4080,B_curved,S,A,T,0,1,3.597036,3.56,90.48,3,6
33,4112,4113,4116,B_curved,S,A,T,0,1,3.597036,3.56,90.48,3,6
33,4151,4152,4155,B_curved,S,A,T,0,1,3.597036,3.56,90.48,3,6
33,4181,4182,4185,B_curved,S,A,T,0,1,3.597036,3.56,90.48,3,6
33,4229,4230,4233,B_curved,S,A,T,0,1,3.597036,3.56,90.48,3,6
33,4277,4278,4281,B_curved,S,A,T,0,1,3.597036,3.56,90.48,3,6
33,4310,4311,4314,B_curved,S,A,T,0,1,3.597036,3.56,90.48,3,6
33,4385,4386,4389,B_curved,S,A,T,0,1,3.597036,3.56,90.48,3,6
33,4442,4443,4446,B_curved,S,A,T,0,1,3.597036,3.56,90.48,3,6
33,4481,4482,4485,B_curved,S,A,T,0,1,3.597036,3.56,90.48,3,6
33,4529,4530,4533,B_curved,S,A,T,0,1,3.597036,3.56,90.48,3,6
33,4577,4578,4581,B_curved,S,A,T,0,1,3.597036,3.56,90.48,3,6
33,4607,4608,4611,B_curved,S,A,T,0,1,3.597036,3.56,90.48,3,6
33,4643,4644,4647,B_curved,S,A,T,0,1,3.597036,3.56,90.48,3,6
33,4682,4683,4686,B_curved,S,A,T,0,1,3.597036,3.56,90.48,3,6
33,4712,4713,4716,B_curved,S,A,T,0,1,3.597036,3.56,90.48,3,6
33,4760,4761,4764,B_curved,S,A,T,0,1,3.597036,3.56,90.48,3,6
33,4808,4809,4812,B_curved,S,A,T,0,1,3.597036,3.56,90.48,3,6
33,4841,4842,4845,B_curved,S,A,T,0,1,3.597036,3.56,90.48,3,6
33,4916,4917,4920,B_curved,S,A,T,0,1,3.597036,3.56,90.48,3,6
33,4973,4974,4977,B_curved,S,A,T,0,1,3.597036,3.56,90.48,3,6
33,5012,5013,5016,B_curved,S,A,T,0,1,3.597036,3.56,90.48,3,6
33,5060,5061,5064,B_curved,S,A,T,0,1,3.597036,3.56,90.48,3,6
33,5108,5109,5112,B_curved,S,A,T,0,1,3.597036,3.56,90.48,3,6
33,5138,5139,5142,B_curved,S,A,T,0,1,3.597036,3.56,90.48,3,6
33,5174,5175,5178,B_curved,S,A,T,0,1,3.597036,3.56,90.48,3,6
33,5213,5214,5217,B_curved,S,A,T,0,1,3.597036,3.56,90.48,3,6
33,5243,5244,5247,B_curved,S,A,T,0,1,3.597036,3.56,90.48,3,6
33,5291,5292,5295,B_curved,S,A,T,0,1,3.597036,3.56,90.48,3,6
33,5339,5340,5343,B_curved,S,A,T,0,1,3.597036,3.56,90.48,3,6
33,5372,5373,5376,B_curved,S,A,T,0,1,3.597036,3.56,90.48,3,6
33,5447,5448,5451,B_curved,S,A,T,0,1,3.597036,3.56,90.48,3,6
33,5504,5505,5508,B_curved,S,A,T,0,1,3.597036,3.56,90.48,3,6
33,5543,5544,5547,B_curved,S,A,T,0,1,3.597036,3.56,90.48,3,6
33,5591,5592,5595,B_curved,S,A,T,0,1,3.597036,3.56,90.48,3,6
33,5639,5640,5643,B_curved,S,A,T,0,1,3.597036,3.56,90.48,3,6
33,5669,5670,5673,B_curved,S,A,T,0,1,3.597036,3.56,90.48,3,6
33,5705,5706,5709,B_curved,S,A,T,0,1,3.597036,3.56,90.48,3,6
33,5744,5745,5748,B_curved,S,A,T,0,1,3.597036,3.56,90.48,3,6
33,5774,5775,5778,B_curved,S,A,T,0,1,3.597036,3.56,90.48,3,6
33,5822,5823,5826,B_curved,S,A,T,0,1,3.597036,3.56,90.48,3,6
33,5870,5871,5874,B_curved,S,A,T,0,1,3.597036,3.56,90.48,3,6
33,5903,5904,5907,B_curved,S,A,T,0,1,3.597036,3.56,90.48,3,6
33,5950,5951,5954,B_curved,S,A,T,0,1,3.597036,3.56,90.48,3,6
33,5983,5984,5987,B_curved,S,A,T,0,1,3.597036,3.56,90.48,3,6
33,6031,6032,6035,B_curved,S,A,T,0,1,3.597036,3.56,90.48,3,6
33,6079,6080,6083,B_curved,S,A,T,0,1,3.597036,3.56,90.48,3,6
33,6109,6110,6113,B_curved,S,A,T,0,1,3.597036,3.56,90.48,3,6
33,6148,6149,6152,B_curved,S,A,T,0,1,3.597036,3.56,90.48,3,6
33,6184,6185,6188,B_curved,S,A,T,0,1,3.597036,3.56,90.48,3,6
33,6214,6215,6218,B_curved,S,A,T,0,1,3.597036,3.56,90.48,3,6
33,6262,6263,6266,B_curved,S,A,T,0,1,3.597036,3.56,90.48,3,6
33,6310,6311,6314,B_curved,S,A,T,0,1,3.597036,3.56,90.48,3,6
33,6349,6350,6353,B_curved,S,A,T,0,1,3.597036,3.56,90.48,3,6
33,6406,6407,6410,B_curved,S,A,T,0,1,3.597036,3.56,90.48,3,6
33,6481,6482,6485,B_curved,S,A,T,0,1,3.597036,3.56,90.48,3,6
33,6514,6515,6518,B_curved,S,A,T,0,1,3.597036,3.56,90.48,3,6
33,6562,6563,6566,B_curved,S,A,T,0,1,3.597036,3.56,90.48,3,6
33,6610,6611,6614,B_curved,S,A,T,0,1,3.597036,3.56,90.48,3,6
33,6640,6641,6644,B_curved,S,A,T,0,1,3.597036,3.56,90.48,3,6
33,6679,6680,6683,B_curved,S,A,T,0,1,3.597036,3.56,90.48,3,6
33,6715,6716,6719,B_curved,S,A,T,0,1,3.597036,3.56,90.48,3,6
33,6745,6746,6749,B_curved,S,A,T,0,1,3.597036,3.56,90.48,3,6
33,6793,6794,6797,B_curved,S,A,T,0,1,3.597036,3.56,90.48,3,6
33,6841,6842,6845,B_curved,S,A,T,0,1,3.597036,3.56,90.48,3,6
33,6880,6881,6884,B_curved,S,A,T,0,1,3.597036,3.56,90.48,3,6
33,6937,6938,6941,B_curved,S,A,T,0,1,3.597036,3.56,90.48,3,6
33,7012,7013,7016,B_curved,S,A,T,0,1,3.597036,3.56,90.48,3,6
33,7045,7046,7049,B_curved,S,A,T,0,1,3.597036,3.56,90.48,3,6
33,7093,7094,7097,B_curved,S,A,T,0,1,3.597036,3.56,90.48,3,6
33,7141,7142,7145,B_curved,S,A,T,0,1,3.597036,3.56,90.48,3,6
33,7171,7172,7175,B_curved,S,A,T,0,1,3.597036,3.56,90.48,3,6
33,7210,7211,7214,B_curved,S,A,T,0,1,3.597036,3.56,90.48,3,6
33,7246,7247,7250,B_curved,S,A,T,0,1,3.597036,3.56,90.48,3,6
33,7276,7277,7280,B_curved,S,A,T,0,1,3.597036,3.56,90.48,3,6
33,7324,7325,7328,B_curved,S,A,T,0,1,3.597036,3.56,90.48,3,6
33,7372,7373,7376,B_curved,S,A,T,0,1,3.597036,3.56,90.48,3,6
33,7411,7412,7415,B_curved,S,A,T,0,1,3.597036,3.56,90.48,3,6
33,7468,7469,7472,B_curved,S,A,T,0,1,3.597036,3.56,90.48,3,6
33,7543,7544,7547,B_curved,S,A,T,0,1,3.597036,3.56,90.48,3,6
33,7576,7577,7580,B_curved,S,A,T,0,1,3.597036,3.56,90.48,3,6
33,7624,7625,7628,B_curved,S,A,T,0,1,3.597036,3.56,90.48,3,6
33,7672,7673,7676,B_curved,S,A,T,0,1,3.597036,3.56,90.48,3,6
33,7702,7703,7706,B_curved,S,A,T,0,1,3.597036,3.56,90.48,3,6
33,7741,7742,7745,B_curved,S,A,T,0,1,3.597036,3.56,90.48,3,6
33,7777,7778,7781,B_curved,S,A,T,0,1,3.597036,3.56,90.48,3,6
33,7807,7808,7811,B_curved,S,A,T,0,1,3.597036,3.56,90.48,3,6
33,7855,7856,7859,B_curved,S,A,T,0,1,3.597036,3.56,90.48,3,6
33,7903,7904,7907,B_curved,S,A,T,0,1,3.597036,3.56,90.48,3,6
33,7942,7943,7946,B_curved,S,A,T,0,1,3.597036,3.56,90.48,3,6
34,3902,3903,3906,B_curved,S,A,G,0,1,3.183556,3.85,104.39,3,6
34,3944,3945,3948,B_curved,S,A,G,0,1,3.183556,3.85,104.39,3,6
34,3983,3984,3987,B_curved,S,A,G,0,1,3.183556,3.85,104.39,3,6
34,4064,4065,4068,B_curved,S,A,G,0,1,3.183556,3.85,104.39,3,6
34,4094,4095,4098,B_curved,S,A,G,0,1,3.183556,3.85,104.39,3,6
34,4127,4128,4131,B_curved,S,A,G,0,1,3.183556,3.85,104.39,3,6
34,4193,4194,4197,B_curved,S,A,G,0,1,3.183556,3.85,104.39,3,6
34,4202,4203,4206,B_curved,S,A,G,0,1,3.183556,3.85,104.39,3,6
34,4268,4269,4272,B_curved,S,A,G,0,1,3.183556,3.85,104.39,3,6
34,4295,4296,4299,B_curved,S,A,G,0,1,3.183556,3.85,104.39,3,6
34,4331,4332,4335,B_curved,S,A,G,0,1,3.183556,3.85,104.39,3,6
34,4358,4359,4362,B_curved,S,A,G,0,1,3.183556,3.85,104.39,3,6
34,4418,4419,4422,B_curved,S,A,G,0,1,3.183556,3.85,104.39,3,6
34,4433,4434,4437,B_curved,S,A,G,0,1,3.183556,3.85,104.39,3,6
34,4475,4476,4479,B_curved,S,A,G,0,1,3.183556,3.85,104.39,3,6
34,4514,4515,4518,B_curved,S,A,G,0,1,3.183556,3.85,104.39,3,6
34,4595,4596,4599,B_curved,S,A,G,0,1,3.183556,3.85,104.39,3,6
34,4625,4626,4629,B_curved,S,A,G,0,1,3.183556,3.85,104.39,3,6
34,4658,4659,4662,B_curved,S,A,G,0,1,3.183556,3.85,104.39,3,6
34,4724,4725,4728,B_curved,S,A,G,0,1,3.183556,3.85,104.39,3,6
34,4733,4734,4737,B_curved,S,A,G,0,1,3.183556,3.85,104.39,3,6
34,4799,4800,4803,B_curved,S,A,G,0,1,3.183556,3.85,104.39,3,6
34,4826,4827,4830,B_curved,S,A,G,0,1,3.183556,3.85,104.39,3,6
34,4862,4863,4866,B_curved,S,A,G,0,1,3.183556,3.85,104.39,3,6
34,4889,4890,4893,B_curved,S,A,G,0,1,3.183556,3.85,104.39,3,6
34,4949,4950,4953,B_curved,S,A,G,0,1,3.183556,3.85,104.39,3,6
34,4964,4965,4968,B_curved,S,A,G,0,1,3.183556,3.85,104.39,3,6
34,5006,5007,5010,B_curved,S,A,G,0,1,3.183556,3.85,104.39,3,6
34,5045,5046,5049,B_curved,S,A,G,0,1,3.183556,3.85,104.39,3,6
34,5126,5127,5130,B_curved,S,A,G,0,1,3.183556,3.85,104.39,3,6
34,5156,5157,5160,B_curved,S,A,G,0,1,3.183556,3.85,104.39,3,6
34,5189,5190,5193,B_curved,S,A,G,0,1,3.183556,3.85,104.39,3,6
34,5255,5256,5259,B_curved,S,A,G,0,1,3.183556,3.85,104.39,3,6
34,5264,5265,5268,B_curved,S,A,G,0,1,3.183556,3.85,104.39,3,6
34,5330,5331,5334,B_curved,S,A,G,0,1,3.183556,3.85,104.39,3,6
34,5357,5358,5361,B_curved,S,A,G,0,1,3.183556,3.85,104.39,3,6
34,5393,5394,5397,B_curved,S,A,G,0,1,3.183556,3.85,104.39,3,6
34,5420,5421,5424,B_curved,S,A,G,0,1,3.183556,3.85,104.39,3,6
34,5480,5481,5484,B_curved,S,A,G,0,1,3.183556,3.85,104.39,3,6
34,5495,5496,5499,B_curved,S,A,G,0,1,3.183556,3.85,104.39,3,6
34,5537,5538,5541,B_curved,S,A,G,0,1,3.183556,3.85,104.39,3,6
34,5576,5577,5580,B_curved,S,A,G,0,1,3.183556,3.85,104.39,3,6
34,5657,5658,5661,B_curved,S,A,G,0,1,3.183556,3.85,104.39,3,6
34,5687,5688,5691,B_curved,S,A,G,0,1,3.183556,3.85,104.39,3,6
34,5720,5721,5724,B_curved,S,A,G,0,1,3.183556,3.85,104.39,3,6
34,5786,5787,5790,B_curved,S,A,G,0,1,3.183556,3.85,104.39,3,6
34,5795,5796,5799,B_curved,S,A,G,0,1,3.183556,3.85,104.39,3,6
34,5861,5862,5865,B_curved,S,A,G,0,1,3.183556,3.85,104.39,3,6
34,5888,5889,5892,B_curved,S,A,G,0,1,3.183556,3.85,104.39,3,6
34,5924,5925,5928,B_curved,S,A,G,0,1,3.183556,3.85,104.39,3,6
34,5941,5942,5945,B_curved,S,A,G,0,1,3.183556,3.85,104.39,3,6
34,5977,5978,5981,B_curved,S,A,G,0,1,3.183556,3.85,104.39,3,6
34,6016,6017,6020,B_curved,S,A,G,0,1,3.183556,3.85,104.39,3,6
34,6097,6098,6101,B_curved,S,A,G,0,1,3.183556,3.85,104.39,3,6
34,6127,6128,6131,B_curved,S,A,G,0,1,3.183556,3.85,104.39,3,6
34,6160,6161,6164,B_curved,S,A,G,0,1,3.183556,3.85,104.39,3,6
34,6226,6227,6230,B_curved,S,A,G,0,1,3.183556,3.85,104.39,3,6
34,6235,6236,6239,B_curved,S,A,G,0,1,3.183556,3.85,104.39,3,6
34,6301,6302,6305,B_curved,S,A,G,0,1,3.183556,3.85,104.39,3,6
34,6328,6329,6332,B_curved,S,A,G,0,1,3.183556,3.85,104.39,3,6
34,6421,6422,6425,B_curved,S,A,G,0,1,3.183556,3.85,104.39,3,6
34,6472,6473,6476,B_curved,S,A,G,0,1,3.183556,3.85,104.39,3,6
34,6508,6509,6512,B_curved,S,A,G,0,1,3.183556,3.85,104.39,3,6
34,6547,6548,6551,B_curved,S,A,G,0,1,3.183556,3.85,104.39,3,6
34,6628,6629,6632,B_curved,S,A,G,0,1,3.183556,3.85,104.39,3,6
34,6658,6659,6662,B_curved,S,A,G,0,1,3.183556,3.85,104.39,3,6
34,6691,6692,6695,B_curved,S,A,G,0,1,3.183556,3.85,104.39,3,6
34,6757,6758,6761,B_curved,S,A,G,0,1,3.183556,3.85,104.39,3,6
34,6766,6767,6770,B_curved,S,A,G,0,1,3.183556,3.85,104.39,3,6
34,6832,6833,6836,B_curved,S,A,G,0,1,3.183556,3.85,104.39,3,6
34,6859,6860,6863,B_curved,S,A,G,0,1,3.183556,3.85,104.39,3,6
34,6952,6953,6956,B_curved,S,A,G,0,1,3.183556,3.85,104.39,3,6
34,7003,7004,7007,B_curved,S,A,G,0,1,3.183556,3.85,104.39,3,6
34,7039,7040,7043,B_curved,S,A,G,0,1,3.183556,3.85,104.39,3,6
34,7078,7079,7082,B_curved,S,A,G,0,1,3.183556,3.85,104.39,3,6
34,7159,7160,7163,B_curved,S,A,G,0,1,3.183556,3.85,104.39,3,6
34,7189,7190,7193,B_curved,S,A,G,0,1,3.183556,3.85,104.39,3,6
34,7222,7223,7226,B_curved,S,A,G,0,1,3.183556,3.85,104.39,3,6
34,7288,7289,7292,B_curved,S,A,G,0,1,3.183556,3.85,104.39,3,6
34,7297,7298,7301,B_curved,S,A,G,0,1,3.183556,3.85,104.39,3,6
34,7363,7364,7367,B_curved,S,A,G,0,1,3.183556,3.85,104.39,3,6
34,7390,7391,7394,B_curved,S,A,G,0,1,3.183556,3.85,104.39,3,6
34,7483,7484,7487,B_curved,S,A,G,0,1,3.183556,3.85,104.39,3,6
34,7534,7535,7538,B_curved,S,A,G,0,1,3.183556,3.85,104.39,3,6
34,7570,7571,7574,B_curved,S,A,G,0,1,3.183556,3.85,104.39,3,6
34,7609,7610,7613,B_curved,S,A,G,0,1,3.183556,3.85,104.39,3,6
34,7690,7691,7694,B_curved,S,A,G,0,1,3.183556,3.85,104.39,3,6
34,7720,7721,7724,B_curved,S,A,G,0,1,3.183556,3.85,104.39,3,6
34,7753,7754,7757,B_curved,S,A,G,0,1,3.183556,3.85,104.39,3,6
34,7819,7820,7823,B_curved,S,A,G,0,1,3.183556,3.85,104.39,3,6
34,7828,7829,7832,B_curved,S,A,G,0,1,3.183556,3.85,104.39,3,6
34,7894,7895,7898,B_curved,S,A,G,0,1,3.183556,3.85,104.39,3,6
34,7921,7922,7925,B_curved,S,A,G,0,1,3.183556,3.85,104.39,3,6
35,3896,3897,3900,B_curved,S,A,C,0,1,3.781071,3.45,93.23,3,6
35,3926,3927,3930,B_curved,S,A,C,0,1,3.781071,3.45,93.23,3,6
35,3956,3957,3960,B_curved,S,A,C,0,1,3.781071,3.45,93.23,3,6
35,3965,3966,3969,B_curved,S,A,C,0,1,3.781071,3.45,93.23,3,6
35,4022,4023,4026,B_curved,S,A,C,0,1,3.781071,3.45,93.23,3,6
35,4145,4146,4149,B_curved,S,A,C,0,1,3.781071,3.45,93.23,3,6
35,4235,4236,4239,B_curved,S,A,C,0,1,3.781071,3.45,93.23,3,6
35,4241,4242,4245,B_curved,S,A,C,0,1,3.781071,3.45,93.23,3,6
35,4367,4368,4371,B_curved,S,A,C,0,1,3.781071,3.45,93.23,3,6
35,4379,4380,4383,B_curved,S,A,C,0,1,3.781071,3.45,93.23,3,6
35,4427,4428,4431,B_curved,S,A,C,0,1,3.781071,3.45,93.23,3,6
35,4457,4458,4461,B_curved,S,A,C,0,1,3.781071,3.45,93.23,3,6
35,4487,4488,4491,B_curved,S,A,C,0,1,3.781071,3.45,93.23,3,6
35,4496,4497,4500,B_curved,S,A,C,0,1,3.781071,3.45,93.23,3,6
35,4553,4554,4557,B_curved,S,A,C,0,1,3.781071,3.45,93.23,3,6
35,4676,4677,4680,B_curved,S,A,C,0,1,3.781071,3.45,93.23,3,6
35,4766,4767,4770,B_curved,S,A,C,0,1,3.781071,3.45,93.23,3,6
35,4772,4773,4776,B_curved,S,A,C,0,1,3.781071,3.45,93.23,3,6
35,4898,4899,4902,B_curved,S,A,C,0,1,3.781071,3.45,93.23,3,6
35,4910,4911,4914,B_curved,S,A,C,0,1,3.781071,3.45,93.23,3,6
35,4958,4959,4962,B_curved,S,A,C,0,1,3.781071,3.45,93.23,3,6
35,4988,4989,4992,B_curved,S,A,C,0,1,3.781071,3.45,93.23,3,6
35,5018,5019,5022,B_curved,S,A,C,0,1,3.781071,3.45,93.23,3,6
35,5027,5028,5031,B_curved,S,A,C,0,1,3.781071,3.45,93.23,3,6
35,5084,5085,5088,B_curved,S,A,C,0,1,3.781071,3.45,93.23,3,6
35,5207,5208,5211,B_curved,S,A,C,0,1,3.781071,3.45,93.23,3,6
35,5297,5298,5301,B_curved,S,A,C,0,1,3.781071,3.45,93.23,3,6
35,5303,5304,5307,B_curved,S,A,C,0,1,3.781071,3.45,93.23,3,6
35,5429,5430,5433,B_curved,S,A,C,0,1,3.781071,3.45,93.23,3,6
35,5441,5442,5445,B_curved,S,A,C,0,1,3.781071,3.45,93.23,3,6
35,5489,5490,5493,B_curved,S,A,C,0,1,3.781071,3.45,93.23,3,6
35,5519,5520,5523,B_curved,S,A,C,0,1,3.781071,3.45,93.23,3,6
35,5549,5550,5553,B_curved,S,A,C,0,1,3.781071,3.45,93.23,3,6
35,5558,5559,5562,B_curved,S,A,C,0,1,3.781071,3.45,93.23,3,6
35,5615,5616,5619,B_curved,S,A,C,0,1,3.781071,3.45,93.23,3,6
35,5738,5739,5742,B_curved,S,A,C,0,1,3.781071,3.45,93.23,3,6
35,5828,5829,5832,B_curved,S,A,C,0,1,3.781071,3.45,93.23,3,6
35,5834,5835,5838,B_curved,S,A,C,0,1,3.781071,3.45,93.23,3,6
35,5959,5960,5963,B_curved,S,A,C,0,1,3.781071,3.45,93.23,3,6
35,5989,5990,5993,B_curved,S,A,C,0,1,3.781071,3.45,93.23,3,6
35,5998,5999,6002,B_curved,S,A,C,0,1,3.781071,3.45,93.23,3,6
35,6055,6056,6059,B_curved,S,A,C,0,1,3.781071,3.45,93.23,3,6
35,6178,6179,6182,B_curved,S,A,C,0,1,3.781071,3.45,93.23,3,6
35,6268,6269,6272,B_curved,S,A,C,0,1,3.781071,3.45,93.23,3,6
35,6274,6275,6278,B_curved,S,A,C,0,1,3.781071,3.45,93.23,3,6
35,6343,6344,6347,B_curved,S,A,C,0,1,3.781071,3.45,93.23,3,6
35,6370,6371,6374,B_curved,S,A,C,0,1,3.781071,3.45,93.23,3,6
35,6430,6431,6434,B_curved,S,A,C,0,1,3.781071,3.45,93.23,3,6
35,6490,6491,6494,B_curved,S,A,C,0,1,3.781071,3.45,93.23,3,6
35,6520,6521,6524,B_curved,S,A,C,0,1,3.781071,3.45,93.23,3,6
35,6529,6530,6533,B_curved,S,A,C,0,1,3.781071,3.45,93.23,3,6
35,6586,6587,6590,B_curved,S,A,C,0,1,3.781071,3.45,93.23,3,6
35,6709,6710,6713,B_curved,S,A,C,0,1,3.781071,3.45,93.23,3,6
35,6799,6800,6803,B_curved,S,A,C,0,1,3.781071,3.45,93.23,3,6
35,6805,6806,6809,B_curved,S,A,C,0,1,3.781071,3.45,93.23,3,6
35,6874,6875,6878,B_curved,S,A,C,0,1,3.781071,3.45,93.23,3,6
35,6901,6902,6905,B_curved,S,A,C,0,1,3.781071,3.45,93.23,3,6
35,6961,6962,6965,B_curved,S,A,C,0,1,3.781071,3.45,93.23,3,6
35,7021,7022,7025,B_curved,S,A,C,0,1,3.781071,3.45,93.23,3,6
35,7051,7052,7055,B_curved,S,A,C,0,1,3.781071,3.45,93.23,3,6
35,7060,7061,7064,B_curved,S,A,C,0,1,3.781071,3.45,93.23,3,6
35,7117,7118,7121,B_curved,S,A,C,0,1,3.781071,3.45,93.23,3,6
35,7240,7241,7244,B_curved,S,A,C,0,1,3.781071,3.45,93.23,3,6
35,7330,7331,7334,B_curved,S,A,C,0,1,3.781071,3.45,93.23,3,6
35,7336,7337,7340,B_curved,S,A,C,0,1,3.781071,3.45,93.23,3,6
35,7405,7406,7409,B_curved,S,A,C,0,1,3.781071,3.45,93.23,3,6
35,7432,7433,7436,B_curved,S,A,C,0,1,3.781071,3.45,93.23,3,6
35,7492,7493,7496,B_curved,S,A,C,0,1,3.781071,3.45,93.23,3,6
35,7552,7553,7556,B_curved,S,A,C,0,1,3.781071,3.45,93.23,3,6
35,7582,7583,7586,B_curved,S,A,C,0,1,3.781071,3.45,93.23,3,6
35,7591,7592,7595,B_curved,S,A,C,0,1,3.781071,3.45,93.23,3,6
35,7648,7649,7652,B_curved,S,A,C,0,1,3.781071,3.45,93.23,3,6
35,7771,7772,7775,B_curved,S,A,C,0,1,3.781071,3.45,93.23,3,6
35,7861,7862,7865,B_curved,S,A,C,0,1,3.781071,3.45,93.23,3,6
35,7867,7868,7871,B_curved,S,A,C,0,1,3.781071,3.45,93.23,3,6
35,7936,7937,7940,B_curved,S,A,C,0,1,3.781071,3.45,93.23,3,6
36,3920,3921,3924,B_curved,S,T,A,0,1,2.186902,4.15,102.59,3,6
36,3953,3954,3957,B_curved,S,T,A,0,1,2.186902,4.15,102.59,3,6
36,3962,3963,3966,B_curved,S,T,A,0,1,2.186902,4.15,102.59,3,6
36,3995,3996,3999,B_curved,S,T,A,0,1,2.186902,4.15,102.59,3,6
36,4232,4233,4236,B_curved,S,T,A,0,1,2.186902,4.15,102.59,3,6
36,4265,4266,4269,B_curved,S,T,A,0,1,2.186902,4.15,102.59,3,6
36,4274,4275,4278,B_curved,S,T,A,0,1,2.186902,4.15,102.59,3,6
36,4364,4365,4368,B_curved,S,T,A,0,1,2.186902,4.15,102.59,3,6
36,4376,4377,4380,B_curved,S,T,A,0,1,2.186902,4.15,102.59,3,6
36,4424,4425,4428,B_curved,S,T,A,0,1,2.186902,4.15,102.59,3,6
36,4451,4452,4455,B_curved,S,T,A,0,1,2.186902,4.15,102.59,3,6
36,4484,4485,4488,B_curved,S,T,A,0,1,2.186902,4.15,102.59,3,6
36,4493,4494,4497,B_curved,S,T,A,0,1,2.186902,4.15,102.59,3,6
36,4526,4527,4530,B_curved,S,T,A,0,1,2.186902,4.15,102.59,3,6
36,4763,4764,4767,B_curved,S,T,A,0,1,2.186902,4.15,102.59,3,6
36,4796,4797,4800,B_curved,S,T,A,0,1,2.186902,4.15,102.59,3,6
36,4805,4806,4809,B_curved,S,T,A,0,1,2.186902,4.15,102.59,3,6
36,4895,4896,4899,B_curved,S,T,A,0,1,2.186902,4.15,102.59,3,6
36,4907,4908,4911,B_curved,S,T,A,0,1,2.186902,4.15,102.59,3,6
36,4955,4956,4959,B_curved,S,T,A,0,1,2.186902,4.15,102.59,3,6
36,4982,4983,4986,B_curved,S,T,A,0,1,2.186902,4.15,102.59,3,6
36,5015,5016,5019,B_curved,S,T,A,0,1,2.186902,4.15,102.59,3,6
36,5024,5025,5028,B_curved,S,T,A,0,1,2.186902,4.15,102.59,3,6
36,5057,5058,5061,B_curved,S,T,A,0,1,2.186902,4.15,102.59,3,6
36,5294,5295,5298,B_curved,S,T,A,0,1,2.186902,4.15,102.59,3,6
36,5327,5328,5331,B_curved,S,T,A,0,1,2.186902,4.15,102.59,3,6
36,5336,5337,5340,B_curved,S,T,A,0,1,2.186902,4.15,102.59,3,6
36,5426,5427,5430,B_curved,S,T,A,0,1,2.186902,4.15,102.59,3,6
36,5438,5439,5442,B_curved,S,T,A,0,1,2.186902,4.15,102.59,3,6
36,5486,5487,5490,B_curved,S,T,A,0,1,2.186902,4.15,102.59,3,6
36,5513,5514,5517,B_curved,S,T,A,0,1,2.186902,4.15,102.59,3,6
36,5546,5547,5550,B_curved,S,T,A,0,1,2.186902,4.15,102.59,3,6
36,5555,5556,5559,B_curved,S,T,A,0,1,2.186902,4.15,102.59,3,6
36,5588,5589,5592,B_curved,S,T,A,0,1,2.186902,4.15,102.59,3,6
36,5825,5826,5829,B_curved,S,T,A,0,1,2.186902,4.15,102.59,3,6
36,5858,5859,5862,B_curved,S,T,A,0,1,2.186902,4.15,102.59,3,6
36,5867,5868,5871,B_curved,S,T,A,0,1,2.186902,4.15,102.59,3,6
36,5986,5987,5990,B_curved,S,T,A,0,1,2.186902,4.15,102.59,3,6
36,5995,5996,5999,B_curved,S,T,A,0,1,2.186902,4.15,102.59,3,6
36,6028,6029,6032,B_curved,S,T,A,0,1,2.186902,4.15,102.59,3,6
36,6265,6266,6269,B_curved,S,T,A,0,1,2.186902,4.15,102.59,3,6
36,6298,6299,6302,B_curved,S,T,A,0,1,2.186902,4.15,102.59,3,6
36,6307,6308,6311,B_curved,S,T,A,0,1,2.186902,4.15,102.59,3,6
36,6340,6341,6344,B_curved,S,T,A,0,1,2.186902,4.15,102.59,3,6
36,6367,6368,6371,B_curved,S,T,A,0,1,2.186902,4.15,102.59,3,6
36,6415,6416,6419,B_curved,S,T,A,0,1,2.186902,4.15,102.59,3,6
36,6427,6428,6431,B_curved,S,T,A,0,1,2.186902,4.15,102.59,3,6
36,6517,6518,6521,B_curved,S,T,A,0,1,2.186902,4.15,102.59,3,6
36,6526,6527,6530,B_curved,S,T,A,0,1,2.186902,4.15,102.59,3,6
36,6559,6560,6563,B_curved,S,T,A,0,1,2.186902,4.15,102.59,3,6
36,6796,6797,6800,B_curved,S,T,A,0,1,2.186902,4.15,102.59,3,6
36,6829,6830,6833,B_curved,S,T,A,0,1,2.186902,4.15,102.59,3,6
36,6838,6839,6842,B_curved,S,T,A,0,1,2.186902,4.15,102.59,3,6
36,6871,6872,6875,B_curved,S,T,A,0,1,2.186902,4.15,102.59,3,6
36,6898,6899,6902,B_curved,S,T,A,0,1,2.186902,4.15,102.59,3,6
36,6946,6947,6950,B_curved,S,T,A,0,1,2.186902,4.15,102.59,3,6
36,6958,6959,6962,B_curved,S,T,A,0,1,2.186902,4.15,102.59,3,6
36,7048,7049,7052,B_curved,S,T,A,0,1,2.186902,4.15,102.59,3,6
36,7057,7058,7061,B_curved,S,T,A,0,1,2.186902,4.15,102.59,3,6
36,7090,7091,7094,B_curved,S,T,A,0,1,2.186902,4.15,102.59,3,6
36,7327,7328,7331,B_curved,S,T,A,0,1,2.186902,4.15,102.59,3,6
36,7360,7361,7364,B_curved,S,T,A,0,1,2.186902,4.15,102.59,3,6
36,7369,7370,7373,B_curved,S,T,A,0,1,2.186902,4.15,102.59,3,6
36,7402,7403,7406,B_curved,S,T,A,0,1,2.186902,4.15,102.59,3,6
36,7429,7430,7433,B_curved,S,T,A,0,1,2.186902,4.15,102.59,3,6
36,7477,7478,7481,B_curved,S,T,A,0,1,2.186902,4.15,102.59,3,6
36,7489,7490,7493,B_curved,S,T,A,0,1,2.186902,4.15,102.59,3,6
36,7579,7580,7583,B_curved,S,T,A,0,1,2.186902,4.15,102.59,3,6
36,7588,7589,7592,B_curved,S,T,A,0,1,2.186902,4.15,102.59,3,6
36,7621,7622,7625,B_curved,S,T,A,0,1,2.186902,4.15,102.59,3,6
36,7858,7859,7862,B_curved,S,T,A,0,1,2.186902,4.15,102.59,3,6
36,7891,7892,7895,B_curved,S,T,A,0,1,2.186902,4.15,102.59,3,6
36,7900,7901,7904,B_curved,S,T,A,0,1,2.186902,4.15,102.59,3,6
36,7933,7934,7937,B_curved,S,T,A,0,1,2.186902,4.15,102.59,3,6
37,4001,4002,4005,B_curved,S,T,T,0,1,2.973231,3.93,93.32,3,6
37,4004,4005,4008,B_curved,S,T,T,0,1,2.973231,3.93,93.32,3,6
37,4085,4086,4089,B_curved,S,T,T,0,1,2.973231,3.93,93.32,3,6
37,4115,4116,4119,B_curved,S,T,T,0,1,2.973231,3.93,93.32,3,6
37,4166,4167,4170,B_curved,S,T,T,0,1,2.973231,3.93,93.32,3,6
37,4169,4170,4173,B_curved,S,T,T,0,1,2.973231,3.93,93.32,3,6
37,4172,4173,4176,B_curved,S,T,T,0,1,2.973231,3.93,93.32,3,6
37,4208,4209,4212,B_curved,S,T,T,0,1,2.973231,3.93,93.32,3,6
37,4211,4212,4215,B_curved,S,T,T,0,1,2.973231,3.93,93.32,3,6
37,4247,4248,4251,B_curved,S,T,T,0,1,2.973231,3.93,93.32,3,6
37,4250,4251,4254,B_curved,S,T,T,0,1,2.973231,3.93,93.32,3,6
37,4253,4254,4257,B_curved,S,T,T,0,1,2.973231,3.93,93.32,3,6
37,4313,4314,4317,B_curved,S,T,T,0,1,2.973231,3.93,93.32,3,6
37,4373,4374,4377,B_curved,S,T,T,0,1,2.973231,3.93,93.32,3,6
37,4532,4533,4536,B_curved,S,T,T,0,1,2.973231,3.93,93.32,3,6
37,4535,4536,4539,B_curved,S,T,T,0,1,2.973231,3.93,93.32,3,6
37,4616,4617,4620,B_curved,S,T,T,0,1,2.973231,3.93,93.32,3,6
37,4646,4647,4650,B_curved,S,T,T,0,1,2.973231,3.93,93.32,3,6
37,4697,4698,4701,B_curved,S,T,T,0,1,2.973231,3.93,93.32,3,6
37,4700,4701,4704,B_curved,S,T,T,0,1,2.973231,3.93,93.32,3,6
37,4703,4704,4707,B_curved,S,T,T,0,1,2.973231,3.93,93.32,3,6
37,4739,4740,4743,B_curved,S,T,T,0,1,2.973231,3.93,93.32,3,6
37,4742,4743,4746,B_curved,S,T,T,0,1,2.973231,3.93,93.32,3,6
37,4778,4779,4782,B_curved,S,T,T,0,1,2.973231,3.93,93.32,3,6
37,4781,4782,4785,B_curved,S,T,T,0,1,2.973231,3.93,93.32,3,6
37,4784,4785,4788,B_curved,S,T,T,0,1,2.973231,3.93,93.32,3,6
37,4844,4845,4848,B_curved,S,T,T,0,1,2.973231,3.93,93.32,3,6
37,4904,4905,4908,B_curved,S,T,T,0,1,2.973231,3.93,93.32,3,6
37,5063,5064,5067,B_curved,S,T,T,0,1,2.973231,3.93,93.32,3,6
37,5066,5067,5070,B_curved,S,T,T,0,1,2.973231,3.93,93.32,3,6
37,5147,5148,5151,B_curved,S,T,T,0,1,2.973231,3.93,93.32,3,6
37,5177,5178,5181,B_curved,S,T,T,0,1,2.973231,3.93,93.32,3,6
37,5228,5229,5232,B_curved,S,T,T,0,1,2.973231,3.93,93.32,3,6
37,5231,5232,5235,B_curved,S,T,T,0,1,2.973231,3.93,93.32,3,6
37,5234,5235,5238,B_curved,S,T,T,0,1,2.973231,3.93,93.32,3,6
37,5270,5271,5274,B_curved,S,T,T,0,1,2.973231,3.93,93.32,3,6
37,5273,5274,5277,B_curved,S,T,T,0,1,2.973231,3.93,93.32,3,6
37,5309,5310,5313,B_curved,S,T,T,0,1,2.973231,3.93,93.32,3,6
37,5312,5313,5316,B_curved,S,T,T,0,1,2.973231,3.93,93.32,3,6
37,5315,5316,5319,B_curved,S,T,T,0,1,2.973231,3.93,93.32,3,6
37,5375,5376,5379,B_curved,S,T,T,0,1,2.973231,3.93,93.32,3,6
37,5435,5436,5439,B_curved,S,T,T,0,1,2.973231,3.93,93.32,3,6
37,5594,5595,5598,B_curved,S,T,T,0,1,2.973231,3.93,93.32,3,6
37,5597,5598,5601,B_curved,S,T,T,0,1,2.973231,3.93,93.32,3,6
37,5678,5679,5682,B_curved,S,T,T,0,1,2.973231,3.93,93.32,3,6
37,5708,5709,5712,B_curved,S,T,T,0,1,2.973231,3.93,93.32,3,6
37,5759,5760,5763,B_curved,S,T,T,0,1,2.973231,3.93,93.32,3,6
37,5762,5763,5766,B_curved,S,T,T,0,1,2.973231,3.93,93.32,3,6
37,5765,5766,5769,B_curved,S,T,T,0,1,2.973231,3.93,93.32,3,6
37,5801,5802,5805,B_curved,S,T,T,0,1,2.973231,3.93,93.32,3,6
37,5804,5805,5808,B_curved,S,T,T,0,1,2.973231,3.93,93.32,3,6
37,5840,5841,5844,B_curved,S,T,T,0,1,2.973231,3.93,93.32,3,6
37,5843,5844,5847,B_curved,S,T,T,0,1,2.973231,3.93,93.32,3,6
37,5846,5847,5850,B_curved,S,T,T,0,1,2.973231,3.93,93.32,3,6
37,5906,5907,5910,B_curved,S,T,T,0,1,2.973231,3.93,93.32,3,6
37,6034,6035,6038,B_curved,S,T,T,0,1,2.973231,3.93,93.32,3,6
37,6037,6038,6041,B_curved,S,T,T,0,1,2.973231,3.93,93.32,3,6
37,6118,6119,6122,B_curved,S,T,T,0,1,2.973231,3.93,93.32,3,6
37,6199,6200,6203,B_curved,S,T,T,0,1,2.973231,3.93,93.32,3,6
37,6202,6203,6206,B_curved,S,T,T,0,1,2.973231,3.93,93.32,3,6
37,6205,6206,6209,B_curved,S,T,T,0,1,2.973231,3.93,93.32,3,6
37,6241,6242,6245,B_curved,S,T,T,0,1,2.973231,3.93,93.32,3,6
37,6244,6245,6248,B_curved,S,T,T,0,1,2.973231,3.93,93.32,3,6
37,6280,6281,6284,B_curved,S,T,T,0,1,2.973231,3.93,93.32,3,6
37,6283,6284,6287,B_curved,S,T,T,0,1,2.973231,3.93,93.32,3,6
37,6286,6287,6290,B_curved,S,T,T,0,1,2.973231,3.93,93.32,3,6
37,6337,6338,6341,B_curved,S,T,T,0,1,2.973231,3.93,93.32,3,6
37,6565,6566,6569,B_curved,S,T,T,0,1,2.973231,3.93,93.32,3,6
37,6568,6569,6572,B_curved,S,T,T,0,1,2.973231,3.93,93.32,3,6
37,6649,6650,6653,B_curved,S,T,T,0,1,2.973231,3.93,93.32,3,6
37,6730,6731,6734,B_curved,S,T,T,0,1,2.973231,3.93,93.32,3,6
37,6733,6734,6737,B_curved,S,T,T,0,1,2.973231,3.93,93.32,3,6
37,6736,6737,6740,B_curved,S,T,T,0,1,2.973231,3.93,93.32,3,6
37,6772,6773,6776,B_curved,S,T,T,0,1,2.973231,3.93,93.32,3,6
37,6775,6776,6779,B_curved,S,T,T,0,1,2.973231,3.93,93.32,3,6
37,6811,6812,6815,B_curved,S,T,T,0,1,2.973231,3.93,93.32,3,6
37,6814,6815,6818,B_curved,S,T,T,0,1,2.973231,3.93,93.32,3,6
37,6817,6818,6821,B_curved,S,T,T,0,1,2.973231,3.93,93.32,3,6
37,6868,6869,6872,B_curved,S,T,T,0,1,2.973231,3.93,93.32,3,6
37,7096,7097,7100,B_curved,S,T,T,0,1,2.973231,3.93,93.32,3,6
37,7099,7100,7103,B_curved,S,T,T,0,1,2.973231,3.93,93.32,3,6
37,7180,7181,7184,B_curved,S,T,T,0,1,2.973231,3.93,93.32,3,6
37,7261,7262,7265,B_curved,S,T,T,0,1,2.973231,3.93,93.32,3,6
37,7264,7265,7268,B_curved,S,T,T,0,1,2.973231,3.93,93.32,3,6
37,7267,7268,7271,B_curved,S,T,T,0,1,2.973231,3.93,93.32,3,6
37,7303,7304,7307,B_curved,S,T,T,0,1,2.973231,3.93,93.32,3,6
37,7306,7307,7310,B_curved,S,T,T,0,1,2.973231,3.93,93.32,3,6
37,7342,7343,7346,B_curved,S,T,T,0,1,2.973231,3.93,93.32,3,6
37,7345,7346,7349,B_curved,S,T,T,0,1,2.973231,3.93,93.32,3,6
37,7348,7349,7352,B_curved,S,T,T,0,1,2.973231,3.93,93.32,3,6
37,7399,7400,7403,B_curved,S,T,T,0,1,2.973231,3.93,93.32,3,6
37,7627,7628,7631,B_curved,S,T,T,0,1,2.973231,3.93,93.32,3,6
37,7630,7631,7634,B_curved,S,T,T,0,1,2.973231,3.93,93.32,3,6
37,7711,7712,7715,B_curved,S,T,T,0,1,2.973231,3.93,93.32,3,6
37,7792,7793,7796,B_curved,S,T,T,0,1,2.973231,3.93,93.32,3,6
37,7795,7796,7799,B_curved,S,T,T,0,1,2.973231,3.93,93.32,3,6
37,7798,7799,7802,B_curved,S,T,T,0,1,2.973231,3.93,93.32,3,6
37,7834,7835,7838,B_curved,S,T,T,0,1,2.973231,3.93,93.32,3,6
37,7837,7838,7841,B_curved,S,T,T,0,1,2.973231,3.93,93.32,3,6
37,7873,7874,7877,B_curved,S,T,T,0,1,2.973231,3.93,93.32,3,6
37,7876,7877,7880,B_curved,S,T,T,0,1,2.973231,3.93,93.32,3,6
37,7879,7880,7883,B_curved,S,T,T,0,1,2.973231,3.93,93.32,3,6
37,7930,7931,7934,B_curved,S,T,T,0,1,2.973231,3.93,93.32,3,6
38,3914,3915,3918,B_curved,S,T,G,0,1,2.289675,4.32,103.7,3,6
38,3935,3936,3939,B_curved,S,T,G,0,1,2.289675,4.32,103.7,3,6
38,3989,3990,3993,B_curved,S,T,G,0,1,2.289675,4.32,103.7,3,6
38,4007,4008,4011,B_curved,S,T,G,0,1,2.289675,4.32,103.7,3,6
38,4028,4029,4032,B_curved,S,T,G,0,1,2.289675,4.32,103.7,3,6
38,4079,4080,4083,B_curved,S,T,G,0,1,2.289675,4.32,103.7,3,6
38,4103,4104,4107,B_curved,S,T,G,0,1,2.289675,4.32,103.7,3,6
38,4136,4137,4140,B_curved,S,T,G,0,1,2.289675,4.32,103.7,3,6
38,4154,4155,4158,B_curved,S,T,G,0,1,2.289675,4.32,103.7,3,6
38,4175,4176,4179,B_curved,S,T,G,0,1,2.289675,4.32,103.7,3,6
38,4184,4185,4188,B_curved,S,T,G,0,1,2.289675,4.32,103.7,3,6
38,4256,4257,4260,B_curved,S,T,G,0,1,2.289675,4.32,103.7,3,6
38,4286,4287,4290,B_curved,S,T,G,0,1,2.289675,4.32,103.7,3,6
38,4304,4305,4308,B_curved,S,T,G,0,1,2.289675,4.32,103.7,3,6
38,4388,4389,4392,B_curved,S,T,G,0,1,2.289675,4.32,103.7,3,6
38,4445,4446,4449,B_curved,S,T,G,0,1,2.289675,4.32,103.7,3,6
38,4466,4467,4470,B_curved,S,T,G,0,1,2.289675,4.32,103.7,3,6
38,4520,4521,4524,B_curved,S,T,G,0,1,2.289675,4.32,103.7,3,6
38,4538,4539,4542,B_curved,S,T,G,0,1,2.289675,4.32,103.7,3,6
38,4559,4560,4563,B_curved,S,T,G,0,1,2.289675,4.32,103.7,3,6
38,4610,4611,4614,B_curved,S,T,G,0,1,2.289675,4.32,103.7,3,6
38,4634,4635,4638,B_curved,S,T,G,0,1,2.289675,4.32,103.7,3,6
38,4667,4668,4671,B_curved,S,T,G,0,1,2.289675,4.32,103.7,3,6
38,4685,4686,4689,B_curved,S,T,G,0,1,2.289675,4.32,103.7,3,6
38,4706,4707,4710,B_curved,S,T,G,0,1,2.289675,4.32,103.7,3,6
38,4715,4716,4719,B_curved,S,T,G,0,1,2.289675,4.32,103.7,3,6
38,4787,4788,4791,B_curved,S,T,G,0,1,2.289675,4.32,103.7,3,6
38,4817,4818,4821,B_curved,S,T,G,0,1,2.289675,4.32,103.7,3,6
38,4835,4836,4839,B_curved,S,T,G,0,1,2.289675,4.32,103.7,3,6
38,4919,4920,4923,B_curved,S,T,G,0,1,2.289675,4.32,103.7,3,6
38,4976,4977,4980,B_curved,S,T,G,0,1,2.289675,4.32,103.7,3,6
38,4997,4998,5001,B_curved,S,T,G,0,1,2.289675,4.32,103.7,3,6
38,5051,5052,5055,B_curved,S,T,G,0,1,2.289675,4.32,103.7,3,6
38,5069,5070,5073,B_curved,S,T,G,0,1,2.289675,4.32,103.7,3,6
38,5090,5091,5094,B_curved,S,T,G,0,1,2.289675,4.32,103.7,3,6
38,5141,5142,5145,B_curved,S,T,G,0,1,2.289675,4.32,103.7,3,6
38,5165,5166,5169,B_curved,S,T,G,0,1,2.289675,4.32,103.7,3,6
38,5198,5199,5202,B_curved,S,T,G,0,1,2.289675,4.32,103.7,3,6
38,5216,5217,5220,B_curved,S,T,G,0,1,2.289675,4.32,103.7,3,6
38,5237,5238,5241,B_curved,S,T,G,0,1,2.289675,4.32,103.7,3,6
38,5246,5247,5250,B_curved,S,T,G,0,1,2.289675,4.32,103.7,3,6
38,5318,5319,5322,B_curved,S,T,G,0,1,2.289675,4.32,103.7,3,6
38,5348,5349,5352,B_curved,S,T,G,0,1,2.289675,4.32,103.7,3,6
38,5366,5367,5370,B_curved,S,T,G,0,1,2.289675,4.32,103.7,3,6
38,5450,5451,5454,B_curved,S,T,G,0,1,2.289675,4.32,103.7,3,6
38,5507,5508,5511,B_curved,S,T,G,0,1,2.289675,4.32,103.7,3,6
38,5528,5529,5532,B_curved,S,T,G,0,1,2.289675,4.32,103.7,3,6
38,5582,5583,5586,B_curved,S,T,G,0,1,2.289675,4.32,103.7,3,6
38,5600,5601,5604,B_curved,S,T,G,0,1,2.289675,4.32,103.7,3,6
38,5621,5622,5625,B_curved,S,T,G,0,1,2.289675,4.32,103.7,3,6
38,5672,5673,5676,B_curved,S,T,G,0,1,2.289675,4.32,103.7,3,6
38,5696,5697,5700,B_curved,S,T,G,0,1,2.289675,4.32,103.7,3,6
38,5729,5730,5733,B_curved,S,T,G,0,1,2.289675,4.32,103.7,3,6
38,5747,5748,5751,B_curved,S,T,G,0,1,2.289675,4.32,103.7,3,6
38,5768,5769,5772,B_curved,S,T,G,0,1,2.289675,4.32,103.7,3,6
38,5777,5778,5781,B_curved,S,T,G,0,1,2.289675,4.32,103.7,3,6
38,5849,5850,5853,B_curved,S,T,G,0,1,2.289675,4.32,103.7,3,6
38,5879,5880,5883,B_curved,S,T,G,0,1,2.289675,4.32,103.7,3,6
38,5897,5898,5901,B_curved,S,T,G,0,1,2.289675,4.32,103.7,3,6
38,5932,5933,5936,B_curved,S,T,G,0,1,2.289675,4.32,103.7,3,6
38,5968,5969,5972,B_curved,S,T,G,0,1,2.289675,4.32,103.7,3,6
38,6022,6023,6026,B_curved,S,T,G,0,1,2.289675,4.32,103.7,3,6
38,6040,6041,6044,B_curved,S,T,G,0,1,2.289675,4.32,103.7,3,6
38,6061,6062,6065,B_curved,S,T,G,0,1,2.289675,4.32,103.7,3,6
38,6112,6113,6116,B_curved,S,T,G,0,1,2.289675,4.32,103.7,3,6
38,6136,6137,6140,B_curved,S,T,G,0,1,2.289675,4.32,103.7,3,6
38,6169,6170,6173,B_curved,S,T,G,0,1,2.289675,4.32,103.7,3,6
38,6187,6188,6191,B_curved,S,T,G,0,1,2.289675,4.32,103.7,3,6
38,6208,6209,6212,B_curved,S,T,G,0,1,2.289675,4.32,103.7,3,6
38,6217,6218,6221,B_curved,S,T,G,0,1,2.289675,4.32,103.7,3,6
38,6289,6290,6293,B_curved,S,T,G,0,1,2.289675,4.32,103.7,3,6
38,6319,6320,6323,B_curved,S,T,G,0,1,2.289675,4.32,103.7,3,6
38,6361,6362,6365,B_curved,S,T,G,0,1,2.289675,4.32,103.7,3,6
38,6376,6377,6380,B_curved,S,T,G,0,1,2.289675,4.32,103.7,3,6
38,6409,6410,6413,B_curved,S,T,G,0,1,2.289675,4.32,103.7,3,6
38,6436,6437,6440,B_curved,S,T,G,0,1,2.289675,4.32,103.7,3,6
38,6463,6464,6467,B_curved,S,T,G,0,1,2.289675,4.32,103.7,3,6
38,6499,6500,6503,B_curved,S,T,G,0,1,2.289675,4.32,103.7,3,6
38,6553,6554,6557,B_curved,S,T,G,0,1,2.289675,4.32,103.7,3,6
38,6571,6572,6575,B_curved,S,T,G,0,1,2.289675,4.32,103.7,3,6
38,6592,6593,6596,B_curved,S,T,G,0,1,2.289675,4.32,103.7,3,6
38,6643,6644,6647,B_curved,S,T,G,0,1,2.289675,4.32,103.7,3,6
38,6667,6668,6671,B_curved,S,T,G,0,1,2.289675,4.32,103.7,3,6
38,6700,6701,6704,B_curved,S,T,G,0,1,2.289675,4.32,103.7,3,6
38,6718,6719,6722,B_curved,S,T,G,0,1,2.289675,4.32,103.7,3,6
38,6739,6740,6743,B_curved,S,T,G,0,1,2.289675,4.32,103.7,3,6
38,6748,6749,6752,B_curved,S,T,G,0,1,2.289675,4.32,103.7,3,6
38,6820,6821,6824,B_curved,S,T,G,0,1,2.289675,4.32,103.7,3,6
38,6850,6851,6854,B_curved,S,T,G,0,1,2.289675,4.32,103.7,3,6
38,6892,6893,6896,B_curved,S,T,G,0,1,2.289675,4.32,103.7,3,6
38,6907,6908,6911,B_curved,S,T,G,0,1,2.289675,4.32,103.7,3,6
38,6940,6941,6944,B_curved,S,T,G,0,1,2.289675,4.32,103.7,3,6
38,6967,6968,6971,B_curved,S,T,G,0,1,2.289675,4.32,103.7,3,6
38,6994,6995,6998,B_curved,S,T,G,0,1,2.289675,4.32,103.7,3,6
38,7030,7031,7034,B_curved,S,T,G,0,1,2.289675,4.32,103.7,3,6
38,7084,7085,7088,B_curved,S,T,G,0,1,2.289675,4.32,103.7,3,6
38,7102,7103,7106,B_curved,S,T,G,0,1,2.289675,4.32,103.7,3,6
38,7123,7124,7127,B_curved,S,T,G,0,1,2.289675,4.32,103.7,3,6
38,7174,7175,7178,B_curved,S,T,G,0,1,2.289675,4.32,103.7,3,6
38,7198,7199,7202,B_curved,S,T,G,0,1,2.289675,4.32,103.7,3,6
38,7231,7232,7235,B_curved,S,T,G,0,1,2.289675,4.32,103.7,3,6
38,7249,7250,7253,B_curved,S,T,G,0,1,2.289675,4.32,103.7,3,6
38,7270,7271,7274,B_curved,S,T,G,0,1,2.289675,4.32,103.7,3,6
38,7279,7280,7283,B_curved,S,T,G,0,1,2.289675,4.32,103.7,3,6
38,7351,7352,7355,B_curved,S,T,G,0,1,2.289675,4.32,103.7,3,6
38,7381,7382,7385,B_curved,S,T,G,0,1,2.289675,4.32,103.7,3,6
38,7423,7424,7427,B_curved,S,T,G,0,1,2.289675,4.32,103.7,3,6
38,7438,7439,7442,B_curved,S,T,G,0,1,2.289675,4.32,103.7,3,6
38,7471,7472,7475,B_curved,S,T,G,0,1,2.289675,4.32,103.7,3,6
38,7498,7499,7502,B_curved,S,T,G,0,1,2.289675,4.32,103.7,3,6
38,7525,7526,7529,B_curved,S,T,G,0,1,2.289675,4.32,103.7,3,6
38,7561,7562,7565,B_curved,S,T,G,0,1,2.289675,4.32,103.7,3,6
38,7615,7616,7619,B_curved,S,T,G,0,1,2.289675,4.32,103.7,3,6
38,7633,7634,7637,B_curved,S,T,G,0,1,2.289675,4.32,103.7,3,6
38,7654,7655,7658,B_curved,S,T,G,0,1,2.289675,4.32,103.7,3,6
38,7705,7706,7709,B_curved,S,T,G,0,1,2.289675,4.32,103.7,3,6
38,7729,7730,7733,B_curved,S,T,G,0,1,2.289675,4.32,103.7,3,6
38,7762,7763,7766,B_curved,S,T,G,0,1,2.289675,4.32,103.7,3,6
38,7780,7781,7784,B_curved,S,T,G,0,1,2.289675,4.32,103.7,3,6
38,7801,7802,7805,B_curved,S,T,G,0,1,2.289675,4.32,103.7,3,6
38,7810,7811,7814,B_curved,S,T,G,0,1,2.289675,4.32,103.7,3,6
38,7882,7883,7886,B_curved,S,T,G,0,1,2.289675,4.32,103.7,3,6
38,7912,7913,7916,B_curved,S,T,G,0,1,2.289675,4.32,103.7,3,6
38,7954,7955,7958,B_curved,S,T,G,0,1,2.289675,4.32,103.7,3,6
39,4037,4038,4041,B_curved,S,T,C,0,1,3.133365,3.87,94.55,3,6
39,4049,4050,4053,B_curved,S,T,C,0,1,3.133365,3.87,94.55,3,6
39,4088,4089,4092,B_curved,S,T,C,0,1,3.133365,3.87,94.55,3,6
39,4118,4119,4122,B_curved,S,T,C,0,1,3.133365,3.87,94.55,3,6
39,4214,4215,4218,B_curved,S,T,C,0,1,3.133365,3.87,94.55,3,6
39,4280,4281,4284,B_curved,S,T,C,0,1,3.133365,3.87,94.55,3,6
39,4316,4317,4320,B_curved,S,T,C,0,1,3.133365,3.87,94.55,3,6
39,4322,4323,4326,B_curved,S,T,C,0,1,3.133365,3.87,94.55,3,6
39,4568,4569,4572,B_curved,S,T,C,0,1,3.133365,3.87,94.55,3,6
39,4580,4581,4584,B_curved,S,T,C,0,1,3.133365,3.87,94.55,3,6
39,4619,4620,4623,B_curved,S,T,C,0,1,3.133365,3.87,94.55,3,6
39,4649,4650,4653,B_curved,S,T,C,0,1,3.133365,3.87,94.55,3,6
39,4745,4746,4749,B_curved,S,T,C,0,1,3.133365,3.87,94.55,3,6
39,4811,4812,4815,B_curved,S,T,C,0,1,3.133365,3.87,94.55,3,6
39,4847,4848,4851,B_curved,S,T,C,0,1,3.133365,3.87,94.55,3,6
39,4853,4854,4857,B_curved,S,T,C,0,1,3.133365,3.87,94.55,3,6
39,5099,5100,5103,B_curved,S,T,C,0,1,3.133365,3.87,94.55,3,6
39,5111,5112,5115,B_curved,S,T,C,0,1,3.133365,3.87,94.55,3,6
39,5150,5151,5154,B_curved,S,T,C,0,1,3.133365,3.87,94.55,3,6
39,5180,5181,5184,B_curved,S,T,C,0,1,3.133365,3.87,94.55,3,6
39,5276,5277,5280,B_curved,S,T,C,0,1,3.133365,3.87,94.55,3,6
39,5342,5343,5346,B_curved,S,T,C,0,1,3.133365,3.87,94.55,3,6
39,5378,5379,5382,B_curved,S,T,C,0,1,3.133365,3.87,94.55,3,6
39,5384,5385,5388,B_curved,S,T,C,0,1,3.133365,3.87,94.55,3,6
39,5630,5631,5634,B_curved,S,T,C,0,1,3.133365,3.87,94.55,3,6
39,5642,5643,5646,B_curved,S,T,C,0,1,3.133365,3.87,94.55,3,6
39,5681,5682,5685,B_curved,S,T,C,0,1,3.133365,3.87,94.55,3,6
39,5711,5712,5715,B_curved,S,T,C,0,1,3.133365,3.87,94.55,3,6
39,5807,5808,5811,B_curved,S,T,C,0,1,3.133365,3.87,94.55,3,6
39,5873,5874,5877,B_curved,S,T,C,0,1,3.133365,3.87,94.55,3,6
39,5909,5910,5913,B_curved,S,T,C,0,1,3.133365,3.87,94.55,3,6
39,5915,5916,5919,B_curved,S,T,C,0,1,3.133365,3.87,94.55,3,6
39,5953,5954,5957,B_curved,S,T,C,0,1,3.133365,3.87,94.55,3,6
39,6070,6071,6074,B_curved,S,T,C,0,1,3.133365,3.87,94.55,3,6
39,6082,6083,6086,B_curved,S,T,C,0,1,3.133365,3.87,94.55,3,6
39,6121,6122,6125,B_curved,S,T,C,0,1,3.133365,3.87,94.55,3,6
39,6151,6152,6155,B_curved,S,T,C,0,1,3.133365,3.87,94.55,3,6
39,6247,6248,6251,B_curved,S,T,C,0,1,3.133365,3.87,94.55,3,6
39,6313,6314,6317,B_curved,S,T,C,0,1,3.133365,3.87,94.55,3,6
39,6352,6353,6356,B_curved,S,T,C,0,1,3.133365,3.87,94.55,3,6
39,6484,6485,6488,B_curved,S,T,C,0,1,3.133365,3.87,94.55,3,6
39,6601,6602,6605,B_curved,S,T,C,0,1,3.133365,3.87,94.55,3,6
39,6613,6614,6617,B_curved,S,T,C,0,1,3.133365,3.87,94.55,3,6
39,6652,6653,6656,B_curved,S,T,C,0,1,3.133365,3.87,94.55,3,6
39,6682,6683,6686,B_curved,S,T,C,0,1,3.133365,3.87,94.55,3,6
39,6778,6779,6782,B_curved,S,T,C,0,1,3.133365,3.87,94.55,3,6
39,6844,6845,6848,B_curved,S,T,C,0,1,3.133365,3.87,94.55,3,6
39,6883,6884,6887,B_curved,S,T,C,0,1,3.133365,3.87,94.55,3,6
39,7015,7016,7019,B_curved,S,T,C,0,1,3.133365,3.87,94.55,3,6
39,7132,7133,7136,B_curved,S,T,C,0,1,3.133365,3.87,94.55,3,6
39,7144,7145,7148,B_curved,S,T,C,0,1,3.133365,3.87,94.55,3,6
39,7183,7184,7187,B_curved,S,T,C,0,1,3.133365,3.87,94.55,3,6
39,7213,7214,7217,B_curved,S,T,C,0,1,3.133365,3.87,94.55,3,6
39,7309,7310,7313,B_curved,S,T,C,0,1,3.133365,3.87,94.55,3,6
39,7375,7376,7379,B_curved,S,T,C,0,1,3.133365,3.87,94.55,3,6
39,7414,7415,7418,B_curved,S,T,C,0,1,3.133365,3.87,94.55,3,6
39,7546,7547,7550,B_curved,S,T,C,0,1,3.133365,3.87,94.55,3,6
39,7663,7664,7667,B_curved,S,T,C,0,1,3.133365,3.87,94.55,3,6
39,7675,7676,7679,B_curved,S,T,C,0,1,3.133365,3.87,94.55,3,6
39,7714,7715,7718,B_curved,S,T,C,0,1,3.133365,3.87,94.55,3,6
39,7744,7745,7748,B_curved,S,T,C,0,1,3.133365,3.87,94.55,3,6
39,7840,7841,7844,B_curved,S,T,C,0,1,3.133365,3.87,94.55,3,6
39,7906,7907,7910,B_curved,S,T,C,0,1,3.133365,3.87,94.55,3,6
39,7945,7946,7949,B_curved,S,T,C,0,1,3.133365,3.87,94.55,3,6
40,3908,3909,3912,B_curved,S,G,A,0,1,3.288719,3.51,95.45,3,6
40,3947,3948,3951,B_curved,S,G,A,0,1,3.288719,3.51,95.45,3,6
40,4013,4014,4017,B_curved,S,G,A,0,1,3.288719,3.51,95.45,3,6
40,4109,4110,4113,B_curved,S,G,A,0,1,3.288719,3.51,95.45,3,6
40,4139,4140,4143,B_curved,S,G,A,0,1,3.288719,3.51,95.45,3,6
40,4178,4179,4182,B_curved,S,G,A,0,1,3.288719,3.51,95.45,3,6
40,4190,4191,4194,B_curved,S,G,A,0,1,3.288719,3.51,95.45,3,6
40,4307,4308,4311,B_curved,S,G,A,0,1,3.288719,3.51,95.45,3,6
40,4439,4440,4443,B_curved,S,G,A,0,1,3.288719,3.51,95.45,3,6
40,4478,4479,4482,B_curved,S,G,A,0,1,3.288719,3.51,95.45,3,6
40,4544,4545,4548,B_curved,S,G,A,0,1,3.288719,3.51,95.45,3,6
40,4640,4641,4644,B_curved,S,G,A,0,1,3.288719,3.51,95.45,3,6
40,4670,4671,4674,B_curved,S,G,A,0,1,3.288719,3.51,95.45,3,6
40,4709,4710,4713,B_curved,S,G,A,0,1,3.288719,3.51,95.45,3,6
40,4721,4722,4725,B_curved,S,G,A,0,1,3.288719,3.51,95.45,3,6
40,4838,4839,4842,B_curved,S,G,A,0,1,3.288719,3.51,95.45,3,6
40,4970,4971,4974,B_curved,S,G,A,0,1,3.288719,3.51,95.45,3,6
40,5009,5010,5013,B_curved,S,G,A,0,1,3.288719,3.51,95.45,3,6
40,5075,5076,5079,B_curved,S,G,A,0,1,3.288719,3.51,95.45,3,6
40,5171,5172,5175,B_curved,S,G,A,0,1,3.288719,3.51,95.45,3,6
40,5201,5202,5205,B_curved,S,G,A,0,1,3.288719,3.51,95.45,3,6
40,5240,5241,5244,B_curved,S,G,A,0,1,3.288719,3.51,95.45,3,6
40,5252,5253,5256,B_curved,S,G,A,0,1,3.288719,3.51,95.45,3,6
40,5369,5370,5373,B_curved,S,G,A,0,1,3.288719,3.51,95.45,3,6
40,5501,5502,5505,B_curved,S,G,A,0,1,3.288719,3.51,95.45,3,6
40,5540,5541,5544,B_curved,S,G,A,0,1,3.288719,3.51,95.45,3,6
40,5606,5607,5610,B_curved,S,G,A,0,1,3.288719,3.51,95.45,3,6
40,5702,5703,5706,B_curved,S,G,A,0,1,3.288719,3.51,95.45,3,6
40,5732,5733,5736,B_curved,S,G,A,0,1,3.288719,3.51,95.45,3,6
40,5771,5772,5775,B_curved,S,G,A,0,1,3.288719,3.51,95.45,3,6
40,5783,5784,5787,B_curved,S,G,A,0,1,3.288719,3.51,95.45,3,6
40,5900,5901,5904,B_curved,S,G,A,0,1,3.288719,3.51,95.45,3,6
40,5938,5939,5942,B_curved,S,G,A,0,1,3.288719,3.51,95.45,3,6
40,5944,5945,5948,B_curved,S,G,A,0,1,3.288719,3.51,95.45,3,6
40,5980,5981,5984,B_curved,S,G,A,0,1,3.288719,3.51,95.45,3,6
40,6046,6047,6050,B_curved,S,G,A,0,1,3.288719,3.51,95.45,3,6
40,6142,6143,6146,B_curved,S,G,A,0,1,3.288719,3.51,95.45,3,6
40,6172,6173,6176,B_curved,S,G,A,0,1,3.288719,3.51,95.45,3,6
40,6211,6212,6215,B_curved,S,G,A,0,1,3.288719,3.51,95.45,3,6
40,6223,6224,6227,B_curved,S,G,A,0,1,3.288719,3.51,95.45,3,6
40,6469,6470,6473,B_curved,S,G,A,0,1,3.288719,3.51,95.45,3,6
40,6475,6476,6479,B_curved,S,G,A,0,1,3.288719,3.51,95.45,3,6
40,6511,6512,6515,B_curved,S,G,A,0,1,3.288719,3.51,95.45,3,6
40,6577,6578,6581,B_curved,S,G,A,0,1,3.288719,3.51,95.45,3,6
40,6673,6674,6677,B_curved,S,G,A,0,1,3.288719,3.51,95.45,3,6
40,6703,6704,6707,B_curved,S,G,A,0,1,3.288719,3.51,95.45,3,6
40,6742,6743,6746,B_curved,S,G,A,0,1,3.288719,3.51,95.45,3,6
40,6754,6755,6758,B_curved,S,G,A,0,1,3.288719,3.51,95.45,3,6
40,7000,7001,7004,B_curved,S,G,A,0,1,3.288719,3.51,95.45,3,6
40,7006,7007,7010,B_curved,S,G,A,0,1,3.288719,3.51,95.45,3,6
40,7042,7043,7046,B_curved,S,G,A,0,1,3.288719,3.51,95.45,3,6
40,7108,7109,7112,B_curved,S,G,A,0,1,3.288719,3.51,95.45,3,6
40,7204,7205,7208,B_curved,S,G,A,0,1,3.288719,3.51,95.45,3,6
40,7234,7235,7238,B_curved,S,G,A,0,1,3.288719,3.51,95.45,3,6
40,7273,7274,7277,B_curved,S,G,A,0,1,3.288719,3.51,95.45,3,6
40,7285,7286,7289,B_curved,S,G,A,0,1,3.288719,3.51,95.45,3,6
40,7531,7532,7535,B_curved,S,G,A,0,1,3.288719,3.51,95.45,3,6
40,7537,7538,7541,B_curved,S,G,A,0,1,3.288719,3.51,95.45,3,6
40,7573,7574,7577,B_curved,S,G,A,0,1,3.288719,3.51,95.45,3,6
40,7639,7640,7643,B_curved,S,G,A,0,1,3.288719,3.51,95.45,3,6
40,7735,7736,7739,B_curved,S,G,A,0,1,3.288719,3.51,95.45,3,6
40,7765,7766,7769,B_curved,S,G,A,0,1,3.288719,3.51,95.45,3,6
40,7804,7805,7808,B_curved,S,G,A,0,1,3.288719,3.51,95.45,3,6
40,7816,7817,7820,B_curved,S,G,A,0,1,3.288719,3.51,95.45,3,6
41,3917,3918,3921,B_curved,S,G,T,0,1,3.487094,3.47,87.63,3,6
41,3986,3987,3990,B_curved,S,G,T,0,1,3.487094,3.47,87.63,3,6
41,3992,3993,3996,B_curved,S,G,T,0,1,3.487094,3.47,87.63,3,6
41,4082,4083,4086,B_curved,S,G,T,0,1,3.487094,3.47,87.63,3,6
41,4205,4206,4209,B_curved,S,G,T,0,1,3.487094,3.47,87.63,3,6
41,4262,4263,4266,B_curved,S,G,T,0,1,3.487094,3.47,87.63,3,6
41,4271,4272,4275,B_curved,S,G,T,0,1,3.487094,3.47,87.63,3,6
41,4301,4302,4305,B_curved,S,G,T,0,1,3.487094,3.47,87.63,3,6
41,4361,4362,4365,B_curved,S,G,T,0,1,3.487094,3.47,87.63,3,6
41,4421,4422,4425,B_curved,S,G,T,0,1,3.487094,3.47,87.63,3,6
41,4448,4449,4452,B_curved,S,G,T,0,1,3.487094,3.47,87.63,3,6
41,4517,4518,4521,B_curved,S,G,T,0,1,3.487094,3.47,87.63,3,6
41,4523,4524,4527,B_curved,S,G,T,0,1,3.487094,3.47,87.63,3,6
41,4613,4614,4617,B_curved,S,G,T,0,1,3.487094,3.47,87.63,3,6
41,4736,4737,4740,B_curved,S,G,T,0,1,3.487094,3.47,87.63,3,6
41,4793,4794,4797,B_curved,S,G,T,0,1,3.487094,3.47,87.63,3,6
41,4802,4803,4806,B_curved,S,G,T,0,1,3.487094,3.47,87.63,3,6
41,4832,4833,4836,B_curved,S,G,T,0,1,3.487094,3.47,87.63,3,6
41,4892,4893,4896,B_curved,S,G,T,0,1,3.487094,3.47,87.63,3,6
41,4952,4953,4956,B_curved,S,G,T,0,1,3.487094,3.47,87.63,3,6
41,4979,4980,4983,B_curved,S,G,T,0,1,3.487094,3.47,87.63,3,6
41,5048,5049,5052,B_curved,S,G,T,0,1,3.487094,3.47,87.63,3,6
41,5054,5055,5058,B_curved,S,G,T,0,1,3.487094,3.47,87.63,3,6
41,5144,5145,5148,B_curved,S,G,T,0,1,3.487094,3.47,87.63,3,6
41,5267,5268,5271,B_curved,S,G,T,0,1,3.487094,3.47,87.63,3,6
41,5324,5325,5328,B_curved,S,G,T,0,1,3.487094,3.47,87.63,3,6
41,5333,5334,5337,B_curved,S,G,T,0,1,3.487094,3.47,87.63,3,6
41,5363,5364,5367,B_curved,S,G,T,0,1,3.487094,3.47,87.63,3,6
41,5423,5424,5427,B_curved,S,G,T,0,1,3.487094,3.47,87.63,3,6
41,5483,5484,5487,B_curved,S,G,T,0,1,3.487094,3.47,87.63,3,6
41,5510,5511,5514,B_curved,S,G,T,0,1,3.487094,3.47,87.63,3,6
41,5579,5580,5583,B_curved,S,G,T,0,1,3.487094,3.47,87.63,3,6
41,5585,5586,5589,B_curved,S,G,T,0,1,3.487094,3.47,87.63,3,6
41,5675,5676,5679,B_curved,S,G,T,0,1,3.487094,3.47,87.63,3,6
41,5798,5799,5802,B_curved,S,G,T,0,1,3.487094,3.47,87.63,3,6
41,5855,5856,5859,B_curved,S,G,T,0,1,3.487094,3.47,87.63,3,6
41,5864,5865,5868,B_curved,S,G,T,0,1,3.487094,3.47,87.63,3,6
41,5894,5895,5898,B_curved,S,G,T,0,1,3.487094,3.47,87.63,3,6
41,6019,6020,6023,B_curved,S,G,T,0,1,3.487094,3.47,87.63,3,6
41,6025,6026,6029,B_curved,S,G,T,0,1,3.487094,3.47,87.63,3,6
41,6115,6116,6119,B_curved,S,G,T,0,1,3.487094,3.47,87.63,3,6
41,6238,6239,6242,B_curved,S,G,T,0,1,3.487094,3.47,87.63,3,6
41,6295,6296,6299,B_curved,S,G,T,0,1,3.487094,3.47,87.63,3,6
41,6304,6305,6308,B_curved,S,G,T,0,1,3.487094,3.47,87.63,3,6
41,6334,6335,6338,B_curved,S,G,T,0,1,3.487094,3.47,87.63,3,6
41,6364,6365,6368,B_curved,S,G,T,0,1,3.487094,3.47,87.63,3,6
41,6412,6413,6416,B_curved,S,G,T,0,1,3.487094,3.47,87.63,3,6
41,6424,6425,6428,B_curved,S,G,T,0,1,3.487094,3.47,87.63,3,6
41,6550,6551,6554,B_curved,S,G,T,0,1,3.487094,3.47,87.63,3,6
41,6556,6557,6560,B_curved,S,G,T,0,1,3.487094,3.47,87.63,3,6
41,6646,6647,6650,B_curved,S,G,T,0,1,3.487094,3.47,87.63,3,6
41,6769,6770,6773,B_curved,S,G,T,0,1,3.487094,3.47,87.63,3,6
41,6826,6827,6830,B_curved,S,G,T,0,1,3.487094,3.47,87.63,3,6
41,6835,6836,6839,B_curved,S,G,T,0,1,3.487094,3.47,87.63,3,6
41,6865,6866,6869,B_curved,S,G,T,0,1,3.487094,3.47,87.63,3,6
41,6895,6896,6899,B_curved,S,G,T,0,1,3.487094,3.47,87.63,3,6
41,6943,6944,6947,B_curved,S,G,T,0,1,3.487094,3.47,87.63,3,6
41,6955,6956,6959,B_curved,S,G,T,0,1,3.487094,3.47,87.63,3,6
41,7081,7082,7085,B_curved,S,G,T,0,1,3.487094,3.47,87.63,3,6
41,7087,7088,7091,B_curved,S,G,T,0,1,3.487094,3.47,87.63,3,6
41,7177,7178,7181,B_curved,S,G,T,0,1,3.487094,3.47,87.63,3,6
41,7300,7301,7304,B_curved,S,G,T,0,1,3.487094,3.47,87.63,3,6
41,7357,7358,7361,B_curved,S,G,T,0,1,3.487094,3.47,87.63,3,6
41,7366,7367,7370,B_curved,S,G,T,0,1,3.487094,3.47,87.63,3,6
41,7396,7397,7400,B_curved,S,G,T,0,1,3.487094,3.47,87.63,3,6
41,7426,7427,7430,B_curved,S,G,T,0,1,3.487094,3.47,87.63,3,6
41,7474,7475,7478,B_curved,S,G,T,0,1,3.487094,3.47,87.63,3,6
41,7486,7487,7490,B_curved,S,G,T,0,1,3.487094,3.47,87.63,3,6
41,7612,7613,7616,B_curved,S,G,T,0,1,3.487094,3.47,87.63,3,6
41,7618,7619,7622,B_curved,S,G,T,0,1,3.487094,3.47,87.63,3,6
41,7708,7709,7712,B_curved,S,G,T,0,1,3.487094,3.47,87.63,3,6
41,7831,7832,7835,B_curved,S,G,T,0,1,3.487094,3.47,87.63,3,6
41,7888,7889,7892,B_curved,S,G,T,0,1,3.487094,3.47,87.63,3,6
41,7897,7898,7901,B_curved,S,G,T,0,1,3.487094,3.47,87.63,3,6
41,7927,7928,7931,B_curved,S,G,T,0,1,3.487094,3.47,87.63,3,6
41,7957,7958,7961,B_curved,S,G,T,0,1,3.487094,3.47,87.63,3,6
42,3905,3906,3909,B_curved,S,G,G,0,1,3.530115,3.67,106.36,3,6
42,4010,4011,4014,B_curved,S,G,G,0,1,3.530115,3.67,106.36,3,6
42,4067,4068,4071,B_curved,S,G,G,0,1,3.530115,3.67,106.36,3,6
42,4106,4107,4110,B_curved,S,G,G,0,1,3.530115,3.67,106.36,3,6
42,4187,4188,4191,B_curved,S,G,G,0,1,3.530115,3.67,106.36,3,6
42,4259,4260,4263,B_curved,S,G,G,0,1,3.530115,3.67,106.36,3,6
42,4298,4299,4302,B_curved,S,G,G,0,1,3.530115,3.67,106.36,3,6
42,4334,4335,4338,B_curved,S,G,G,0,1,3.530115,3.67,106.36,3,6
42,4337,4338,4341,B_curved,S,G,G,0,1,3.530115,3.67,106.36,3,6
42,4346,4347,4350,B_curved,S,G,G,0,1,3.530115,3.67,106.36,3,6
42,4397,4398,4401,B_curved,S,G,G,0,1,3.530115,3.67,106.36,3,6
42,4406,4407,4410,B_curved,S,G,G,0,1,3.530115,3.67,106.36,3,6
42,4436,4437,4440,B_curved,S,G,G,0,1,3.530115,3.67,106.36,3,6
42,4541,4542,4545,B_curved,S,G,G,0,1,3.530115,3.67,106.36,3,6
42,4598,4599,4602,B_curved,S,G,G,0,1,3.530115,3.67,106.36,3,6
42,4637,4638,4641,B_curved,S,G,G,0,1,3.530115,3.67,106.36,3,6
42,4718,4719,4722,B_curved,S,G,G,0,1,3.530115,3.67,106.36,3,6
42,4790,4791,4794,B_curved,S,G,G,0,1,3.530115,3.67,106.36,3,6
42,4829,4830,4833,B_curved,S,G,G,0,1,3.530115,3.67,106.36,3,6
42,4865,4866,4869,B_curved,S,G,G,0,1,3.530115,3.67,106.36,3,6
42,4868,4869,4872,B_curved,S,G,G,0,1,3.530115,3.67,106.36,3,6
42,4877,4878,4881,B_curved,S,G,G,0,1,3.530115,3.67,106.36,3,6
42,4928,4929,4932,B_curved,S,G,G,0,1,3.530115,3.67,106.36,3,6
42,4937,4938,4941,B_curved,S,G,G,0,1,3.530115,3.67,106.36,3,6
42,4967,4968,4971,B_curved,S,G,G,0,1,3.530115,3.67,106.36,3,6
42,5072,5073,5076,B_curved,S,G,G,0,1,3.530115,3.67,106.36,3,6
42,5129,5130,5133,B_curved,S,G,G,0,1,3.530115,3.67,106.36,3,6
42,5168,5169,5172,B_curved,S,G,G,0,1,3.530115,3.67,106.36,3,6
42,5249,5250,5253,B_curved,S,G,G,0,1,3.530115,3.67,106.36,3,6
42,5321,5322,5325,B_curved,S,G,G,0,1,3.530115,3.67,106.36,3,6
42,5360,5361,5364,B_curved,S,G,G,0,1,3.530115,3.67,106.36,3,6
42,5396,5397,5400,B_curved,S,G,G,0,1,3.530115,3.67,106.36,3,6
42,5399,5400,5403,B_curved,S,G,G,0,1,3.530115,3.67,106.36,3,6
42,5408,5409,5412,B_curved,S,G,G,0,1,3.530115,3.67,106.36,3,6
42,5459,5460,5463,B_curved,S,G,G,0,1,3.530115,3.67,106.36,3,6
42,5468,5469,5472,B_curved,S,G,G,0,1,3.530115,3.67,106.36,3,6
42,5498,5499,5502,B_curved,S,G,G,0,1,3.530115,3.67,106.36,3,6
42,5603,5604,5607,B_curved,S,G,G,0,1,3.530115,3.67,106.36,3,6
42,5660,5661,5664,B_curved,S,G,G,0,1,3.530115,3.67,106.36,3,6
42,5699,5700,5703,B_curved,S,G,G,0,1,3.530115,3.67,106.36,3,6
42,5780,5781,5784,B_curved,S,G,G,0,1,3.530115,3.67,106.36,3,6
42,5852,5853,5856,B_curved,S,G,G,0,1,3.530115,3.67,106.36,3,6
42,5891,5892,5895,B_curved,S,G,G,0,1,3.530115,3.67,106.36,3,6
42,5935,5936,5939,B_curved,S,G,G,0,1,3.530115,3.67,106.36,3,6
42,6043,6044,6047,B_curved,S,G,G,0,1,3.530115,3.67,106.36,3,6
42,6100,6101,6104,B_curved,S,G,G,0,1,3.530115,3.67,106.36,3,6
42,6139,6140,6143,B_curved,S,G,G,0,1,3.530115,3.67,106.36,3,6
42,6220,6221,6224,B_curved,S,G,G,0,1,3.530115,3.67,106.36,3,6
42,6292,6293,6296,B_curved,S,G,G,0,1,3.530115,3.67,106.36,3,6
42,6331,6332,6335,B_curved,S,G,G,0,1,3.530115,3.67,106.36,3,6
42,6379,6380,6383,B_curved,S,G,G,0,1,3.530115,3.67,106.36,3,6
42,6439,6440,6443,B_curved,S,G,G,0,1,3.530115,3.67,106.36,3,6
42,6466,6467,6470,B_curved,S,G,G,0,1,3.530115,3.67,106.36,3,6
42,6574,6575,6578,B_curved,S,G,G,0,1,3.530115,3.67,106.36,3,6
42,6631,6632,6635,B_curved,S,G,G,0,1,3.530115,3.67,106.36,3,6
42,6670,6671,6674,B_curved,S,G,G,0,1,3.530115,3.67,106.36,3,6
42,6751,6752,6755,B_curved,S,G,G,0,1,3.530115,3.67,106.36,3,6
42,6823,6824,6827,B_curved,S,G,G,0,1,3.530115,3.67,106.36,3,6
42,6862,6863,6866,B_curved,S,G,G,0,1,3.530115,3.67,106.36,3,6
42,6910,6911,6914,B_curved,S,G,G,0,1,3.530115,3.67,106.36,3,6
42,6970,6971,6974,B_curved,S,G,G,0,1,3.530115,3.67,106.36,3,6
42,6997,6998,7001,B_curved,S,G,G,0,1,3.530115,3.67,106.36,3,6
42,7105,7106,7109,B_curved,S,G,G,0,1,3.530115,3.67,106.36,3,6
42,7162,7163,7166,B_curved,S,G,G,0,1,3.530115,3.67,106.36,3,6
42,7201,7202,7205,B_curved,S,G,G,0,1,3.530115,3.67,106.36,3,6
42,7282,7283,7286,B_curved,S,G,G,0,1,3.530115,3.67,106.36,3,6
42,7354,7355,7358,B_curved,S,G,G,0,1,3.530115,3.67,106.36,3,6
42,7393,7394,7397,B_curved,S,G,G,0,1,3.530115,3.67,106.36,3,6
42,7441,7442,7445,B_curved,S,G,G,0,1,3.530115,3.67,106.36,3,6
42,7501,7502,7505,B_curved,S,G,G,0,1,3.530115,3.67,106.36,3,6
42,7528,7529,7532,B_curved,S,G,G,0,1,3.530115,3.67,106.36,3,6
42,7636,7637,7640,B_curved,S,G,G,0,1,3.530115,3.67,106.36,3,6
42,7693,7694,7697,B_curved,S,G,G,0,1,3.530115,3.67,106.36,3,6
42,7732,7733,7736,B_curved,S,G,G,0,1,3.530115,3.67,106.36,3,6
42,7813,7814,7817,B_curved,S,G,G,0,1,3.530115,3.67,106.36,3,6
42,7885,7886,7889,B_curved,S,G,G,0,1,3.530115,3.67,106.36,3,6
42,7924,7925,7928,B_curved,S,G,G,0,1,3.530115,3.67,106.36,3,6
43,3938,3939,3942,B_curved,S,G,C,0,1,3.625717,3.42,83.12,3,6
43,4031,4032,4035,B_curved,S,G,C,0,1,3.625717,3.42,83.12,3,6
43,4070,4071,4074,B_curved,S,G,C,0,1,3.625717,3.42,83.12,3,6
43,4097,4098,4101,B_curved,S,G,C,0,1,3.625717,3.42,83.12,3,6
43,4130,4131,4134,B_curved,S,G,C,0,1,3.625717,3.42,83.12,3,6
43,4157,4158,4161,B_curved,S,G,C,0,1,3.625717,3.42,83.12,3,6
43,4196,4197,4200,B_curved,S,G,C,0,1,3.625717,3.42,83.12,3,6
43,4289,4290,4293,B_curved,S,G,C,0,1,3.625717,3.42,83.12,3,6
43,4340,4341,4344,B_curved,S,G,C,0,1,3.625717,3.42,83.12,3,6
43,4349,4350,4353,B_curved,S,G,C,0,1,3.625717,3.42,83.12,3,6
43,4391,4392,4395,B_curved,S,G,C,0,1,3.625717,3.42,83.12,3,6
43,4400,4401,4404,B_curved,S,G,C,0,1,3.625717,3.42,83.12,3,6
43,4409,4410,4413,B_curved,S,G,C,0,1,3.625717,3.42,83.12,3,6
43,4469,4470,4473,B_curved,S,G,C,0,1,3.625717,3.42,83.12,3,6
43,4562,4563,4566,B_curved,S,G,C,0,1,3.625717,3.42,83.12,3,6
43,4601,4602,4605,B_curved,S,G,C,0,1,3.625717,3.42,83.12,3,6
43,4628,4629,4632,B_curved,S,G,C,0,1,3.625717,3.42,83.12,3,6
43,4661,4662,4665,B_curved,S,G,C,0,1,3.625717,3.42,83.12,3,6
43,4688,4689,4692,B_curved,S,G,C,0,1,3.625717,3.42,83.12,3,6
43,4727,4728,4731,B_curved,S,G,C,0,1,3.625717,3.42,83.12,3,6
43,4820,4821,4824,B_curved,S,G,C,0,1,3.625717,3.42,83.12,3,6
43,4871,4872,4875,B_curved,S,G,C,0,1,3.625717,3.42,83.12,3,6
43,4880,4881,4884,B_curved,S,G,C,0,1,3.625717,3.42,83.12,3,6
43,4922,4923,4926,B_curved,S,G,C,0,1,3.625717,3.42,83.12,3,6
43,4931,4932,4935,B_curved,S,G,C,0,1,3.625717,3.42,83.12,3,6
43,4940,4941,4944,B_curved,S,G,C,0,1,3.625717,3.42,83.12,3,6
43,5000,5001,5004,B_curved,S,G,C,0,1,3.625717,3.42,83.12,3,6
43,5093,5094,5097,B_curved,S,G,C,0,1,3.625717,3.42,83.12,3,6
43,5132,5133,5136,B_curved,S,G,C,0,1,3.625717,3.42,83.12,3,6
43,5159,5160,5163,B_curved,S,G,C,0,1,3.625717,3.42,83.12,3,6
43,5192,5193,5196,B_curved,S,G,C,0,1,3.625717,3.42,83.12,3,6
43,5219,5220,5223,B_curved,S,G,C,0,1,3.625717,3.42,83.12,3,6
43,5258,5259,5262,B_curved,S,G,C,0,1,3.625717,3.42,83.12,3,6
43,5351,5352,5355,B_curved,S,G,C,0,1,3.625717,3.42,83.12,3,6
43,5402,5403,5406,B_curved,S,G,C,0,1,3.625717,3.42,83.12,3,6
43,5411,5412,5415,B_curved,S,G,C,0,1,3.625717,3.42,83.12,3,6
43,5453,5454,5457,B_curved,S,G,C,0,1,3.625717,3.42,83.12,3,6
43,5462,5463,5466,B_curved,S,G,C,0,1,3.625717,3.42,83.12,3,6
43,5471,5472,5475,B_curved,S,G,C,0,1,3.625717,3.42,83.12,3,6
43,5531,5532,5535,B_curved,S,G,C,0,1,3.625717,3.42,83.12,3,6
43,5624,5625,5628,B_curved,S,G,C,0,1,3.625717,3.42,83.12,3,6
43,5663,5664,5667,B_curved,S,G,C,0,1,3.625717,3.42,83.12,3,6
43,5690,5691,5694,B_curved,S,G,C,0,1,3.625717,3.42,83.12,3,6
43,5723,5724,5727,B_curved,S,G,C,0,1,3.625717,3.42,83.12,3,6
43,5750,5751,5754,B_curved,S,G,C,0,1,3.625717,3.42,83.12,3,6
43,5789,5790,5793,B_curved,S,G,C,0,1,3.625717,3.42,83.12,3,6
43,5882,5883,5886,B_curved,S,G,C,0,1,3.625717,3.42,83.12,3,6
43,5971,5972,5975,B_curved,S,G,C,0,1,3.625717,3.42,83.12,3,6
43,6064,6065,6068,B_curved,S,G,C,0,1,3.625717,3.42,83.12,3,6
43,6103,6104,6107,B_curved,S,G,C,0,1,3.625717,3.42,83.12,3,6
43,6130,6131,6134,B_curved,S,G,C,0,1,3.625717,3.42,83.12,3,6
43,6163,6164,6167,B_curved,S,G,C,0,1,3.625717,3.42,83.12,3,6
43,6190,6191,6194,B_curved,S,G,C,0,1,3.625717,3.42,83.12,3,6
43,6229,6230,6233,B_curved,S,G,C,0,1,3.625717,3.42,83.12,3,6
43,6322,6323,6326,B_curved,S,G,C,0,1,3.625717,3.42,83.12,3,6
43,6382,6383,6386,B_curved,S,G,C,0,1,3.625717,3.42,83.12,3,6
43,6391,6392,6395,B_curved,S,G,C,0,1,3.625717,3.42,83.12,3,6
43,6400,6401,6404,B_curved,S,G,C,0,1,3.625717,3.42,83.12,3,6
43,6442,6443,6446,B_curved,S,G,C,0,1,3.625717,3.42,83.12,3,6
43,6451,6452,6455,B_curved,S,G,C,0,1,3.625717,3.42,83.12,3,6
43,6502,6503,6506,B_curved,S,G,C,0,1,3.625717,3.42,83.12,3,6
43,6595,6596,6599,B_curved,S,G,C,0,1,3.625717,3.42,83.12,3,6
43,6634,6635,6638,B_curved,S,G,C,0,1,3.625717,3.42,83.12,3,6
43,6661,6662,6665,B_curved,S,G,C,0,1,3.625717,3.42,83.12,3,6
43,6694,6695,6698,B_curved,S,G,C,0,1,3.625717,3.42,83.12,3,6
43,6721,6722,6725,B_curved,S,G,C,0,1,3.625717,3.42,83.12,3,6
43,6760,6761,6764,B_curved,S,G,C,0,1,3.625717,3.42,83.12,3,6
43,6853,6854,6857,B_curved,S,G,C,0,1,3.625717,3.42,83.12,3,6
43,6913,6914,6917,B_curved,S,G,C,0,1,3.625717,3.42,83.12,3,6
43,6922,6923,6926,B_curved,S,G,C,0,1,3.625717,3.42,83.12,3,6
43,6931,6932,6935,B_curved,S,G,C,0,1,3.625717,3.42,83.12,3,6
43,6973,6974,6977,B_curved,S,G,C,0,1,3.625717,3.42,83.12,3,6
43,6982,6983,6986,B_curved,S,G,C,0,1,3.625717,3.42,83.12,3,6
43,7033,7034,7037,B_curved,S,G,C,0,1,3.625717,3.42,83.12,3,6
43,7126,7127,7130,B_curved,S,G,C,0,1,3.625717,3.42,83.12,3,6
43,7165,7166,7169,B_curved,S,G,C,0,1,3.625717,3.42,83.12,3,6
43,7192,7193,7196,B_curved,S,G,C,0,1,3.625717,3.42,83.12,3,6
43,7225,7226,7229,B_curved,S,G,C,0,1,3.625717,3.42,83.12,3,6
43,7252,7253,7256,B_curved,S,G,C,0,1,3.625717,3.42,83.12,3,6
43,7291,7292,7295,B_curved,S,G,C,0,1,3.625717,3.42,83.12,3,6
43,7384,7385,7388,B_curved,S,G,C,0,1,3.625717,3.42,83.12,3,6
43,7444,7445,7448,B_curved,S,G,C,0,1,3.625717,3.42,83.12,3,6
43,7453,7454,7457,B_curved,S,G,C,0,1,3.625717,3.42,83.12,3,6
43,7462,7463,7466,B_curved,S,G,C,0,1,3.625717,3.42,83.12,3,6
43,7504,7505,7508,B_curved,S,G,C,0,1,3.625717,3.42,83.12,3,6
43,7513,7514,7517,B_curved,S,G,C,0,1,3.625717,3.42,83.12,3,6
43,7564,7565,7568,B_curved,S,G,C,0,1,3.625717,3.42,83.12,3,6
43,7657,7658,7661,B_curved,S,G,C,0,1,3.625717,3.42,83.12,3,6
43,7696,7697,7700,B_curved,S,G,C,0,1,3.625717,3.42,83.12,3,6
43,7723,7724,7727,B_curved,S,G,C,0,1,3.625717,3.42,83.12,3,6
43,7756,7757,7760,B_curved,S,G,C,0,1,3.625717,3.42,83.12,3,6
43,7783,7784,7787,B_curved,S,G,C,0,1,3.625717,3.42,83.12,3,6
43,7822,7823,7826,B_curved,S,G,C,0,1,3.625717,3.42,83.12,3,6
43,7915,7916,7919,B_curved,S,G,C,0,1,3.625717,3.42,83.12,3,6
44,3899,3900,3903,B_curved,S,C,A,0,1,2.210803,4.15,102.69,3,6
44,3941,3942,3945,B_curved,S,C,A,0,1,2.210803,4.15,102.69,3,6
44,3971,3972,3975,B_curved,S,C,A,0,1,2.210803,4.15,102.69,3,6
44,4043,4044,4047,B_curved,S,C,A,0,1,2.210803,4.15,102.69,3,6
44,4052,4053,4056,B_curved,S,C,A,0,1,2.210803,4.15,102.69,3,6
44,4073,4074,4077,B_curved,S,C,A,0,1,2.210803,4.15,102.69,3,6
44,4091,4092,4095,B_curved,S,C,A,0,1,2.210803,4.15,102.69,3,6
44,4124,4125,4128,B_curved,S,C,A,0,1,2.210803,4.15,102.69,3,6
44,4148,4149,4152,B_curved,S,C,A,0,1,2.210803,4.15,102.69,3,6
44,4199,4200,4203,B_curved,S,C,A,0,1,2.210803,4.15,102.69,3,6
44,4220,4221,4224,B_curved,S,C,A,0,1,2.210803,4.15,102.69,3,6
44,4238,4239,4242,B_curved,S,C,A,0,1,2.210803,4.15,102.69,3,6
44,4292,4293,4296,B_curved,S,C,A,0,1,2.210803,4.15,102.69,3,6
44,4328,4329,4332,B_curved,S,C,A,0,1,2.210803,4.15,102.69,3,6
44,4355,4356,4359,B_curved,S,C,A,0,1,2.210803,4.15,102.69,3,6
44,4382,4383,4386,B_curved,S,C,A,0,1,2.210803,4.15,102.69,3,6
44,4415,4416,4419,B_curved,S,C,A,0,1,2.210803,4.15,102.69,3,6
44,4430,4431,4434,B_curved,S,C,A,0,1,2.210803,4.15,102.69,3,6
44,4472,4473,4476,B_curved,S,C,A,0,1,2.210803,4.15,102.69,3,6
44,4502,4503,4506,B_curved,S,C,A,0,1,2.210803,4.15,102.69,3,6
44,4574,4575,4578,B_curved,S,C,A,0,1,2.210803,4.15,102.69,3,6
44,4583,4584,4587,B_curved,S,C,A,0,1,2.210803,4.15,102.69,3,6
44,4604,4605,4608,B_curved,S,C,A,0,1,2.210803,4.15,102.69,3,6
44,4622,4623,4626,B_curved,S,C,A,0,1,2.210803,4.15,102.69,3,6
44,4655,4656,4659,B_curved,S,C,A,0,1,2.210803,4.15,102.69,3,6
44,4679,4680,4683,B_curved,S,C,A,0,1,2.210803,4.15,102.69,3,6
44,4730,4731,4734,B_curved,S,C,A,0,1,2.210803,4.15,102.69,3,6
44,4751,4752,4755,B_curved,S,C,A,0,1,2.210803,4.15,102.69,3,6
44,4769,4770,4773,B_curved,S,C,A,0,1,2.210803,4.15,102.69,3,6
44,4823,4824,4827,B_curved,S,C,A,0,1,2.210803,4.15,102.69,3,6
44,4859,4860,4863,B_curved,S,C,A,0,1,2.210803,4.15,102.69,3,6
44,4886,4887,4890,B_curved,S,C,A,0,1,2.210803,4.15,102.69,3,6
44,4913,4914,4917,B_curved,S,C,A,0,1,2.210803,4.15,102.69,3,6
44,4946,4947,4950,B_curved,S,C,A,0,1,2.210803,4.15,102.69,3,6
44,4961,4962,4965,B_curved,S,C,A,0,1,2.210803,4.15,102.69,3,6
44,5003,5004,5007,B_curved,S,C,A,0,1,2.210803,4.15,102.69,3,6
44,5033,5034,5037,B_curved,S,C,A,0,1,2.210803,4.15,102.69,3,6
44,5105,5106,5109,B_curved,S,C,A,0,1,2.210803,4.15,102.69,3,6
44,5114,5115,5118,B_curved,S,C,A,0,1,2.210803,4.15,102.69,3,6
44,5135,5136,5139,B_curved,S,C,A,0,1,2.210803,4.15,102.69,3,6
44,5153,5154,5157,B_curved,S,C,A,0,1,2.210803,4.15,102.69,3,6
44,5186,5187,5190,B_curved,S,C,A,0,1,2.210803,4.15,102.69,3,6
44,5210,5211,5214,B_curved,S,C,A,0,1,2.210803,4.15,102.69,3,6
44,5261,5262,5265,B_curved,S,C,A,0,1,2.210803,4.15,102.69,3,6
44,5282,5283,5286,B_curved,S,C,A,0,1,2.210803,4.15,102.69,3,6
44,5300,5301,5304,B_curved,S,C,A,0,1,2.210803,4.15,102.69,3,6
44,5354,5355,5358,B_curved,S,C,A,0,1,2.210803,4.15,102.69,3,6
44,5390,5391,5394,B_curved,S,C,A,0,1,2.210803,4.15,102.69,3,6
44,5417,5418,5421,B_curved,S,C,A,0,1,2.210803,4.15,102.69,3,6
44,5444,5445,5448,B_curved,S,C,A,0,1,2.210803,4.15,102.69,3,6
44,5477,5478,5481,B_curved,S,C,A,0,1,2.210803,4.15,102.69,3,6
44,5492,5493,5496,B_curved,S,C,A,0,1,2.210803,4.15,102.69,3,6
44,5534,5535,5538,B_curved,S,C,A,0,1,2.210803,4.15,102.69,3,6
44,5564,5565,5568,B_curved,S,C,A,0,1,2.210803,4.15,102.69,3,6
44,5636,5637,5640,B_curved,S,C,A,0,1,2.210803,4.15,102.69,3,6
44,5645,5646,5649,B_curved,S,C,A,0,1,2.210803,4.15,102.69,3,6
44,5666,5667,5670,B_curved,S,C,A,0,1,2.210803,4.15,102.69,3,6
44,5684,5685,5688,B_curved,S,C,A,0,1,2.210803,4.15,102.69,3,6
44,5717,5718,5721,B_curved,S,C,A,0,1,2.210803,4.15,102.69,3,6
44,5741,5742,5745,B_curved,S,C,A,0,1,2.210803,4.15,102.69,3,6
44,5792,5793,5796,B_curved,S,C,A,0,1,2.210803,4.15,102.69,3,6
44,5813,5814,5817,B_curved,S,C,A,0,1,2.210803,4.15,102.69,3,6
44,5831,5832,5835,B_curved,S,C,A,0,1,2.210803,4.15,102.69,3,6
44,5885,5886,5889,B_curved,S,C,A,0,1,2.210803,4.15,102.69,3,6
44,5921,5922,5925,B_curved,S,C,A,0,1,2.210803,4.15,102.69,3,6
44,5956,5957,5960,B_curved,S,C,A,0,1,2.210803,4.15,102.69,3,6
44,5974,5975,5978,B_curved,S,C,A,0,1,2.210803,4.15,102.69,3,6
44,6004,6005,6008,B_curved,S,C,A,0,1,2.210803,4.15,102.69,3,6
44,6076,6077,6080,B_curved,S,C,A,0,1,2.210803,4.15,102.69,3,6
44,6085,6086,6089,B_curved,S,C,A,0,1,2.210803,4.15,102.69,3,6
44,6106,6107,6110,B_curved,S,C,A,0,1,2.210803,4.15,102.69,3,6
44,6124,6125,6128,B_curved,S,C,A,0,1,2.210803,4.15,102.69,3,6
44,6157,6158,6161,B_curved,S,C,A,0,1,2.210803,4.15,102.69,3,6
44,6181,6182,6185,B_curved,S,C,A,0,1,2.210803,4.15,102.69,3,6
44,6232,6233,6236,B_curved,S,C,A,0,1,2.210803,4.15,102.69,3,6
44,6253,6254,6257,B_curved,S,C,A,0,1,2.210803,4.15,102.69,3,6
44,6271,6272,6275,B_curved,S,C,A,0,1,2.210803,4.15,102.69,3,6
44,6325,6326,6329,B_curved,S,C,A,0,1,2.210803,4.15,102.69,3,6
44,6346,6347,6350,B_curved,S,C,A,0,1,2.210803,4.15,102.69,3,6
44,6403,6404,6407,B_curved,S,C,A,0,1,2.210803,4.15,102.69,3,6
44,6487,6488,6491,B_curved,S,C,A,0,1,2.210803,4.15,102.69,3,6
44,6505,6506,6509,B_curved,S,C,A,0,1,2.210803,4.15,102.69,3,6
44,6535,6536,6539,B_curved,S,C,A,0,1,2.210803,4.15,102.69,3,6
44,6607,6608,6611,B_curved,S,C,A,0,1,2.210803,4.15,102.69,3,6
44,6616,6617,6620,B_curved,S,C,A,0,1,2.210803,4.15,102.69,3,6
44,6637,6638,6641,B_curved,S,C,A,0,1,2.210803,4.15,102.69,3,6
44,6655,6656,6659,B_curved,S,C,A,0,1,2.210803,4.15,102.69,3,6
44,6688,6689,6692,B_curved,S,C,A,0,1,2.210803,4.15,102.69,3,6
44,6712,6713,6716,B_curved,S,C,A,0,1,2.210803,4.15,102.69,3,6
44,6763,6764,6767,B_curved,S,C,A,0,1,2.210803,4.15,102.69,3,6
44,6784,6785,6788,B_curved,S,C,A,0,1,2.210803,4.15,102.69,3,6
44,6802,6803,6806,B_curved,S,C,A,0,1,2.210803,4.15,102.69,3,6
44,6856,6857,6860,B_curved,S,C,A,0,1,2.210803,4.15,102.69,3,6
44,6877,6878,6881,B_curved,S,C,A,0,1,2.210803,4.15,102.69,3,6
44,6934,6935,6938,B_curved,S,C,A,0,1,2.210803,4.15,102.69,3,6
44,7018,7019,7022,B_curved,S,C,A,0,1,2.210803,4.15,102.69,3,6
44,7036,7037,7040,B_curved,S,C,A,0,1,2.210803,4.15,102.69,3,6
44,7066,7067,7070,B_curved,S,C,A,0,1,2.210803,4.15,102.69,3,6
44,7138,7139,7142,B_curved,S,C,A,0,1,2.210803,4.15,102.69,3,6
44,7147,7148,7151,B_curved,S,C,A,0,1,2.210803,4.15,102.69,3,6
44,7168,7169,7172,B_curved,S,C,A,0,1,2.210803,4.15,102.69,3,6
44,7186,7187,7190,B_curved,S,C,A,0,1,2.210803,4.15,102.69,3,6
44,7219,7220,7223,B_curved,S,C,A,0,1,2.210803,4.15,102.69,3,6
44,7243,7244,7247,B_curved,S,C,A,0,1,2.210803,4.15,102.69,3,6
44,7294,7295,7298,B_curved,S,C,A,0,1,2.210803,4.15,102.69,3,6
44,7315,7316,7319,B_curved,S,C,A,0,1,2.210803,4.15,102.69,3,6
44,7333,7334,7337,B_curved,S,C,A,0,1,2.210803,4.15,102.69,3,6
44,7387,7388,7391,B_curved,S,C,A,0,1,2.210803,4.15,102.69,3,6
44,7408,7409,7412,B_curved,S,C,A,0,1,2.210803,4.15,102.69,3,6
44,7465,7466,7469,B_curved,S,C,A,0,1,2.210803,4.15,102.69,3,6
44,7549,7550,7553,B_curved,S,C,A,0,1,2.210803,4.15,102.69,3,6
44,7567,7568,7571,B_curved,S,C,A,0,1,2.210803,4.15,102.69,3,6
44,7597,7598,7601,B_curved,S,C,A,0,1,2.210803,4.15,102.69,3,6
44,7669,7670,7673,B_curved,S,C,A,0,1,2.210803,4.15,102.69,3,6
44,7678,7679,7682,B_curved,S,C,A,0,1,2.210803,4.15,102.69,3,6
44,7699,7700,7703,B_curved,S,C,A,0,1,2.210803,4.15,102.69,3,6
44,7717,7718,7721,B_curved,S,C,A,0,1,2.210803,4.15,102.69,3,6
44,7750,7751,7754,B_curved,S,C,A,0,1,2.210803,4.15,102.69,3,6
44,7774,7775,7778,B_curved,S,C,A,0,1,2.210803,4.15,102.69,3,6
44,7825,7826,7829,B_curved,S,C,A,0,1,2.210803,4.15,102.69,3,6
44,7846,7847,7850,B_curved,S,C,A,0,1,2.210803,4.15,102.69,3,6
44,7864,7865,7868,B_curved,S,C,A,0,1,2.210803,4.15,102.69,3,6
44,7918,7919,7922,B_curved,S,C,A,0,1,2.210803,4.15,102.69,3,6
44,7939,7940,7943,B_curved,S,C,A,0,1,2.210803,4.15,102.69,3,6
45,3932,3933,3936,B_curved,S,C,T,0,1,2.968451,3.99,96.05,3,6
45,3959,3960,3963,B_curved,S,C,T,0,1,2.968451,3.99,96.05,3,6
45,4025,4026,4029,B_curved,S,C,T,0,1,2.968451,3.99,96.05,3,6
45,4034,4035,4038,B_curved,S,C,T,0,1,2.968451,3.99,96.05,3,6
45,4100,4101,4104,B_curved,S,C,T,0,1,2.968451,3.99,96.05,3,6
45,4133,4134,4137,B_curved,S,C,T,0,1,2.968451,3.99,96.05,3,6
45,4163,4164,4167,B_curved,S,C,T,0,1,2.968451,3.99,96.05,3,6
45,4244,4245,4248,B_curved,S,C,T,0,1,2.968451,3.99,96.05,3,6
45,4283,4284,4287,B_curved,S,C,T,0,1,2.968451,3.99,96.05,3,6
45,4319,4320,4323,B_curved,S,C,T,0,1,2.968451,3.99,96.05,3,6
45,4370,4371,4374,B_curved,S,C,T,0,1,2.968451,3.99,96.05,3,6
45,4463,4464,4467,B_curved,S,C,T,0,1,2.968451,3.99,96.05,3,6
45,4490,4491,4494,B_curved,S,C,T,0,1,2.968451,3.99,96.05,3,6
45,4556,4557,4560,B_curved,S,C,T,0,1,2.968451,3.99,96.05,3,6
45,4565,4566,4569,B_curved,S,C,T,0,1,2.968451,3.99,96.05,3,6
45,4631,4632,4635,B_curved,S,C,T,0,1,2.968451,3.99,96.05,3,6
45,4664,4665,4668,B_curved,S,C,T,0,1,2.968451,3.99,96.05,3,6
45,4694,4695,4698,B_curved,S,C,T,0,1,2.968451,3.99,96.05,3,6
45,4775,4776,4779,B_curved,S,C,T,0,1,2.968451,3.99,96.05,3,6
45,4814,4815,4818,B_curved,S,C,T,0,1,2.968451,3.99,96.05,3,6
45,4850,4851,4854,B_curved,S,C,T,0,1,2.968451,3.99,96.05,3,6
45,4901,4902,4905,B_curved,S,C,T,0,1,2.968451,3.99,96.05,3,6
45,4994,4995,4998,B_curved,S,C,T,0,1,2.968451,3.99,96.05,3,6
45,5021,5022,5025,B_curved,S,C,T,0,1,2.968451,3.99,96.05,3,6
45,5087,5088,5091,B_curved,S,C,T,0,1,2.968451,3.99,96.05,3,6
45,5096,5097,5100,B_curved,S,C,T,0,1,2.968451,3.99,96.05,3,6
45,5162,5163,5166,B_curved,S,C,T,0,1,2.968451,3.99,96.05,3,6
45,5195,5196,5199,B_curved,S,C,T,0,1,2.968451,3.99,96.05,3,6
45,5225,5226,5229,B_curved,S,C,T,0,1,2.968451,3.99,96.05,3,6
45,5306,5307,5310,B_curved,S,C,T,0,1,2.968451,3.99,96.05,3,6
45,5345,5346,5349,B_curved,S,C,T,0,1,2.968451,3.99,96.05,3,6
45,5381,5382,5385,B_curved,S,C,T,0,1,2.968451,3.99,96.05,3,6
45,5432,5433,5436,B_curved,S,C,T,0,1,2.968451,3.99,96.05,3,6
45,5525,5526,5529,B_curved,S,C,T,0,1,2.968451,3.99,96.05,3,6
45,5552,5553,5556,B_curved,S,C,T,0,1,2.968451,3.99,96.05,3,6
45,5618,5619,5622,B_curved,S,C,T,0,1,2.968451,3.99,96.05,3,6
45,5627,5628,5631,B_curved,S,C,T,0,1,2.968451,3.99,96.05,3,6
45,5693,5694,5697,B_curved,S,C,T,0,1,2.968451,3.99,96.05,3,6
45,5726,5727,5730,B_curved,S,C,T,0,1,2.968451,3.99,96.05,3,6
45,5756,5757,5760,B_curved,S,C,T,0,1,2.968451,3.99,96.05,3,6
45,5837,5838,5841,B_curved,S,C,T,0,1,2.968451,3.99,96.05,3,6
45,5876,5877,5880,B_curved,S,C,T,0,1,2.968451,3.99,96.05,3,6
45,5912,5913,5916,B_curved,S,C,T,0,1,2.968451,3.99,96.05,3,6
45,5929,5930,5933,B_curved,S,C,T,0,1,2.968451,3.99,96.05,3,6
45,5965,5966,5969,B_curved,S,C,T,0,1,2.968451,3.99,96.05,3,6
45,5992,5993,5996,B_curved,S,C,T,0,1,2.968451,3.99,96.05,3,6
45,6058,6059,6062,B_curved,S,C,T,0,1,2.968451,3.99,96.05,3,6
45,6067,6068,6071,B_curved,S,C,T,0,1,2.968451,3.99,96.05,3,6
45,6133,6134,6137,B_curved,S,C,T,0,1,2.968451,3.99,96.05,3,6
45,6166,6167,6170,B_curved,S,C,T,0,1,2.968451,3.99,96.05,3,6
45,6196,6197,6200,B_curved,S,C,T,0,1,2.968451,3.99,96.05,3,6
45,6277,6278,6281,B_curved,S,C,T,0,1,2.968451,3.99,96.05,3,6
45,6316,6317,6320,B_curved,S,C,T,0,1,2.968451,3.99,96.05,3,6
45,6358,6359,6362,B_curved,S,C,T,0,1,2.968451,3.99,96.05,3,6
45,6373,6374,6377,B_curved,S,C,T,0,1,2.968451,3.99,96.05,3,6
45,6433,6434,6437,B_curved,S,C,T,0,1,2.968451,3.99,96.05,3,6
45,6460,6461,6464,B_curved,S,C,T,0,1,2.968451,3.99,96.05,3,6
45,6496,6497,6500,B_curved,S,C,T,0,1,2.968451,3.99,96.05,3,6
45,6523,6524,6527,B_curved,S,C,T,0,1,2.968451,3.99,96.05,3,6
45,6589,6590,6593,B_curved,S,C,T,0,1,2.968451,3.99,96.05,3,6
45,6598,6599,6602,B_curved,S,C,T,0,1,2.968451,3.99,96.05,3,6
45,6664,6665,6668,B_curved,S,C,T,0,1,2.968451,3.99,96.05,3,6
45,6697,6698,6701,B_curved,S,C,T,0,1,2.968451,3.99,96.05,3,6
45,6727,6728,6731,B_curved,S,C,T,0,1,2.968451,3.99,96.05,3,6
45,6808,6809,6812,B_curved,S,C,T,0,1,2.968451,3.99,96.05,3,6
45,6847,6848,6851,B_curved,S,C,T,0,1,2.968451,3.99,96.05,3,6
45,6889,6890,6893,B_curved,S,C,T,0,1,2.968451,3.99,96.05,3,6
45,6904,6905,6908,B_curved,S,C,T,0,1,2.968451,3.99,96.05,3,6
45,6964,6965,6968,B_curved,S,C,T,0,1,2.968451,3.99,96.05,3,6
45,6991,6992,6995,B_curved,S,C,T,0,1,2.968451,3.99,96.05,3,6
45,7027,7028,7031,B_curved,S,C,T,0,1,2.968451,3.99,96.05,3,6
45,7054,7055,7058,B_curved,S,C,T,0,1,2.968451,3.99,96.05,3,6
45,7120,7121,7124,B_curved,S,C,T,0,1,2.968451,3.99,96.05,3,6
45,7129,7130,7133,B_curved,S,C,T,0,1,2.968451,3.99,96.05,3,6
45,7195,7196,7199,B_curved,S,C,T,0,1,2.968451,3.99,96.05,3,6
45,7228,7229,7232,B_curved,S,C,T,0,1,2.968451,3.99,96.05,3,6
45,7258,7259,7262,B_curved,S,C,T,0,1,2.968451,3.99,96.05,3,6
45,7339,7340,7343,B_curved,S,C,T,0,1,2.968451,3.99,96.05,3,6
45,7378,7379,7382,B_curved,S,C,T,0,1,2.968451,3.99,96.05,3,6
45,7420,7421,7424,B_curved,S,C,T,0,1,2.968451,3.99,96.05,3,6
45,7435,7436,7439,B_curved,S,C,T,0,1,2.968451,3.99,96.05,3,6
45,7495,7496,7499,B_curved,S,C,T,0,1,2.968451,3.99,96.05,3,6
45,7522,7523,7526,B_curved,S,C,T,0,1,2.968451,3.99,96.05,3,6
45,7558,7559,7562,B_curved,S,C,T,0,1,2.968451,3.99,96.05,3,6
45,7585,7586,7589,B_curved,S,C,T,0,1,2.968451,3.99,96.05,3,6
45,7651,7652,7655,B_curved,S,C,T,0,1,2.968451,3.99,96.05,3,6
45,7660,7661,7664,B_curved,S,C,T,0,1,2.968451,3.99,96.05,3,6
45,7726,7727,7730,B_curved,S,C,T,0,1,2.968451,3.99,96.05,3,6
45,7759,7760,7763,B_curved,S,C,T,0,1,2.968451,3.99,96.05,3,6
45,7789,7790,7793,B_curved,S,C,T,0,1,2.968451,3.99,96.05,3,6
45,7870,7871,7874,B_curved,S,C,T,0,1,2.968451,3.99,96.05,3,6
45,7909,7910,7913,B_curved,S,C,T,0,1,2.968451,3.99,96.05,3,6
45,7951,7952,7955,B_curved,S,C,T,0,1,2.968451,3.99,96.05,3,6
46,4343,4344,4347,B_curved,S,C,G,0,1,2.110421,4.34,100.46,3,6
46,4394,4395,4398,B_curved,S,C,G,0,1,2.110421,4.34,100.46,3,6
46,4403,4404,4407,B_curved,S,C,G,0,1,2.110421,4.34,100.46,3,6
46,4874,4875,4878,B_curved,S,C,G,0,1,2.110421,4.34,100.46,3,6
46,4925,4926,4929,B_curved,S,C,G,0,1,2.110421,4.34,100.46,3,6
46,4934,4935,4938,B_curved,S,C,G,0,1,2.110421,4.34,100.46,3,6
46,5405,5406,5409,B_curved,S,C,G,0,1,2.110421,4.34,100.46,3,6
46,5456,5457,5460,B_curved,S,C,G,0,1,2.110421,4.34,100.46,3,6
46,5465,5466,5469,B_curved,S,C,G,0,1,2.110421,4.34,100.46,3,6
46,6388,6389,6392,B_curved,S,C,G,0,1,2.110421,4.34,100.46,3,6
46,6397,6398,6401,B_curved,S,C,G,0,1,2.110421,4.34,100.46,3,6
46,6448,6449,6452,B_curved,S,C,G,0,1,2.110421,4.34,100.46,3,6
46,6919,6920,6923,B_curved,S,C,G,0,1,2.110421,4.34,100.46,3,6
46,6928,6929,6932,B_curved,S,C,G,0,1,2.110421,4.34,100.46,3,6
46,6979,6980,6983,B_curved,S,C,G,0,1,2.110421,4.34,100.46,3,6
46,7450,7451,7454,B_curved,S,C,G,0,1,2.110421,4.34,100.46,3,6
46,7459,7460,7463,B_curved,S,C,G,0,1,2.110421,4.34,100.46,3,6
46,7510,7511,7514,B_curved,S,C,G,0,1,2.110421,4.34,100.46,3,6
47,3929,3930,3933,B_curved,S,C,C,0,1,3.34847,3.84,100.68,3,6
47,3968,3969,3972,B_curved,S,C,C,0,1,3.34847,3.84,100.68,3,6
47,4040,4041,4044,B_curved,S,C,C,0,1,3.34847,3.84,100.68,3,6
47,4121,4122,4125,B_curved,S,C,C,0,1,3.34847,3.84,100.68,3,6
47,4160,4161,4164,B_curved,S,C,C,0,1,3.34847,3.84,100.68,3,6
47,4217,4218,4221,B_curved,S,C,C,0,1,3.34847,3.84,100.68,3,6
47,4325,4326,4329,B_curved,S,C,C,0,1,3.34847,3.84,100.68,3,6
47,4352,4353,4356,B_curved,S,C,C,0,1,3.34847,3.84,100.68,3,6
47,4412,4413,4416,B_curved,S,C,C,0,1,3.34847,3.84,100.68,3,6
47,4460,4461,4464,B_curved,S,C,C,0,1,3.34847,3.84,100.68,3,6
47,4499,4500,4503,B_curved,S,C,C,0,1,3.34847,3.84,100.68,3,6
47,4571,4572,4575,B_curved,S,C,C,0,1,3.34847,3.84,100.68,3,6
47,4652,4653,4656,B_curved,S,C,C,0,1,3.34847,3.84,100.68,3,6
47,4691,4692,4695,B_curved,S,C,C,0,1,3.34847,3.84,100.68,3,6
47,4748,4749,4752,B_curved,S,C,C,0,1,3.34847,3.84,100.68,3,6
47,4856,4857,4860,B_curved,S,C,C,0,1,3.34847,3.84,100.68,3,6
47,4883,4884,4887,B_curved,S,C,C,0,1,3.34847,3.84,100.68,3,6
47,4943,4944,4947,B_curved,S,C,C,0,1,3.34847,3.84,100.68,3,6
47,4991,4992,4995,B_curved,S,C,C,0,1,3.34847,3.84,100.68,3,6
47,5030,5031,5034,B_curved,S,C,C,0,1,3.34847,3.84,100.68,3,6
47,5102,5103,5106,B_curved,S,C,C,0,1,3.34847,3.84,100.68,3,6
47,5183,5184,5187,B_curved,S,C,C,0,1,3.34847,3.84,100.68,3,6
47,5222,5223,5226,B_curved,S,C,C,0,1,3.34847,3.84,100.68,3,6
47,5279,5280,5283,B_curved,S,C,C,0,1,3.34847,3.84,100.68,3,6
47,5387,5388,5391,B_curved,S,C,C,0,1,3.34847,3.84,100.68,3,6
47,5414,5415,5418,B_curved,S,C,C,0,1,3.34847,3.84,100.68,3,6
47,5474,5475,5478,B_curved,S,C,C,0,1,3.34847,3.84,100.68,3,6
47,5522,5523,5526,B_curved,S,C,C,0,1,3.34847,3.84,100.68,3,6
47,5561,5562,5565,B_curved,S,C,C,0,1,3.34847,3.84,100.68,3,6
47,5633,5634,5637,B_curved,S,C,C,0,1,3.34847,3.84,100.68,3,6
47,5714,5715,5718,B_curved,S,C,C,0,1,3.34847,3.84,100.68,3,6
47,5753,5754,5757,B_curved,S,C,C,0,1,3.34847,3.84,100.68,3,6
47,5810,5811,5814,B_curved,S,C,C,0,1,3.34847,3.84,100.68,3,6
47,5918,5919,5922,B_curved,S,C,C,0,1,3.34847,3.84,100.68,3,6
47,5962,5963,5966,B_curved,S,C,C,0,1,3.34847,3.84,100.68,3,6
47,6001,6002,6005,B_curved,S,C,C,0,1,3.34847,3.84,100.68,3,6
47,6073,6074,6077,B_curved,S,C,C,0,1,3.34847,3.84,100.68,3,6
47,6154,6155,6158,B_curved,S,C,C,0,1,3.34847,3.84,100.68,3,6
47,6193,6194,6197,B_curved,S,C,C,0,1,3.34847,3.84,100.68,3,6
47,6250,6251,6254,B_curved,S,C,C,0,1,3.34847,3.84,100.68,3,6
47,6355,6356,6359,B_curved,S,C,C,0,1,3.34847,3.84,100.68,3,6
47,6385,6386,6389,B_curved,S,C,C,0,1,3.34847,3.84,100.68,3,6
47,6394,6395,6398,B_curved,S,C,C,0,1,3.34847,3.84,100.68,3,6
47,6445,6446,6449,B_curved,S,C,C,0,1,3.34847,3.84,100.68,3,6
47,6454,6455,6458,B_curved,S,C,C,0,1,3.34847,3.84,100.68,3,6
47,6457,6458,6461,B_curved,S,C,C,0,1,3.34847,3.84,100.68,3,6
47,6493,6494,6497,B_curved,S,C,C,0,1,3.34847,3.84,100.68,3,6
47,6532,6533,6536,B_curved,S,C,C,0,1,3.34847,3.84,100.68,3,6
47,6604,6605,6608,B_curved,S,C,C,0,1,3.34847,3.84,100.68,3,6
47,6685,6686,6689,B_curved,S,C,C,0,1,3.34847,3.84,100.68,3,6
47,6724,6725,6728,B_curved,S,C,C,0,1,3.34847,3.84,100.68,3,6
47,6781,6782,6785,B_curved,S,C,C,0,1,3.34847,3.84,100.68,3,6
47,6886,6887,6890,B_curved,S,C,C,0,1,3.34847,3.84,100.68,3,6
47,6916,6917,6920,B_curved,S,C,C,0,1,3.34847,3.84,100.68,3,6
47,6925,6926,6929,B_curved,S,C,C,0,1,3.34847,3.84,100.68,3,6
47,6976,6977,6980,B_curved,S,C,C,0,1,3.34847,3.84,100.68,3,6
47,6985,6986,6989,B_curved,S,C,C,0,1,3.34847,3.84,100.68,3,6
47,6988,6989,6992,B_curved,S,C,C,0,1,3.34847,3.84,100.68,3,6
47,7024,7025,7028,B_curved,S,C,C,0,1,3.34847,3.84,100.68,3,6
47,7063,7064,7067,B_curved,S,C,C,0,1,3.34847,3.84,100.68,3,6
47,7135,7136,7139,B_curved,S,C,C,0,1,3.34847,3.84,100.68,3,6
47,7216,7217,7220,B_curved,S,C,C,0,1,3.34847,3.84,100.68,3,6
47,7255,7256,7259,B_curved,S,C,C,0,1,3.34847,3.84,100.68,3,6
47,7312,7313,7316,B_curved,S,C,C,0,1,3.34847,3.84,100.68,3,6
47,7417,7418,7421,B_curved,S,C,C,0,1,3.34847,3.84,100.68,3,6
47,7447,7448,7451,B_curved,S,C,C,0,1,3.34847,3.84,100.68,3,6
47,7456,7457,7460,B_curved,S,C,C,0,1,3.34847,3.84,100.68,3,6
47,7507,7508,7511,B_curved,S,C,C,0,1,3.34847,3.84,100.68,3,6
47,7516,7517,7520,B_curved,S,C,C,0,1,3.34847,3.84,100.68,3,6
47,7519,7520,7523,B_curved,S,C,C,0,1,3.34847,3.84,100.68,3,6
47,7555,7556,7559,B_curved,S,C,C,0,1,3.34847,3.84,100.68,3,6
47,7594,7595,7598,B_curved,S,C,C,0,1,3.34847,3.84,100.68,3,6
47,7666,7667,7670,B_curved,S,C,C,0,1,3.34847,3.84,100.68,3,6
47,7747,7748,7751,B_curved,S,C,C,0,1,3.34847,3.84,100.68,3,6
47,7786,7787,7790,B_curved,S,C,C,0,1,3.34847,3.84,100.68,3,6
47,7843,7844,7847,B_curved,S,C,C,0,1,3.34847,3.84,100.68,3,6
47,7948,7949,7952,B_curved,S,C,C,0,1,3.34847,3.84,100.68,3,6
